timestamp,asset_id,asset_type,train_id,cycle,vibration_rms,vibration_kurtosis,temperature_c,axle_load_kn,true_rul,pad_wear_mm,disc_temperature_c,brake_pressure_bar,brake_cycles,winding_temperature_c,current_draw_a,rpm
1783414221.4398434,train_00_bogie_bearing_0,bogie_bearing,train_00,1305,0.40410317888334835,3.129943792665883,45.39205944207989,124.50896482787213,1506,,,,,,,
1783414221.4398434,train_00_brake_unit_0,brake_unit,train_00,712,,,,,1992,17.89573287799211,182.02845452609697,5.925752066676139,712.0,,,
1783414221.4398434,train_00_traction_motor_0,traction_motor,train_00,2437,0.33829323583073007,,,,2294,,,,,70.59314154650117,178.72067469590883,1490.9255257030732
1783414221.4398434,train_01_bogie_bearing_0,bogie_bearing,train_01,1171,0.36687167306686574,3.0011269728227883,45.75943623475092,121.46177625745631,1628,,,,,,,
1783414221.4398434,train_01_brake_unit_0,brake_unit,train_01,93,,,,,1569,18.064851942158022,190.7099539421536,5.967509677859915,93.0,,,
1783414221.4398434,train_01_traction_motor_0,traction_motor,train_01,2988,0.3820151273099874,,,,2116,,,,,69.88813357128578,184.65410849377136,1480.989207762174
1783414221.4398434,train_02_bogie_bearing_0,bogie_bearing,train_02,2317,0.3679702161615274,3.1142876223186877,46.0509313183048,122.17261707322078,2757,,,,,,,
1783414221.4398434,train_02_brake_unit_0,brake_unit,train_02,1344,,,,,1505,18.20053039967182,181.82622555479225,6.034065707859502,1344.0,,,
1783414221.4398434,train_02_traction_motor_0,traction_motor,train_02,388,0.3136869704184554,,,,4663,,,,,70.33712262793276,180.20471355677608,1482.315919711984
1783414221.442083,train_00_bogie_bearing_0,bogie_bearing,train_00,1306,0.3574716994563478,3.0203397581549285,44.856545344398825,117.44448860702663,1505,,,,,,,
1783414221.442083,train_00_brake_unit_0,brake_unit,train_00,713,,,,,1991,18.248975220170358,175.85634959767276,6.079935670715838,713.0,,,
1783414221.442083,train_00_traction_motor_0,traction_motor,train_00,2438,0.34531061851981615,,,,2293,,,,,70.16673813803047,182.5233134889454,1486.836782380644
1783414221.442083,train_01_bogie_bearing_0,bogie_bearing,train_01,1172,0.3685376838358264,2.990210799706108,46.08576324983568,119.23478270047354,1627,,,,,,,
1783414221.442083,train_01_brake_unit_0,brake_unit,train_01,94,,,,,1568,17.830243171985234,175.4045104756351,6.039796484932876,94.0,,,
1783414221.442083,train_01_traction_motor_0,traction_motor,train_01,2989,0.3612479320704135,,,,2115,,,,,72.14607097423804,181.7445824368146,1486.9081681971154
1783414221.442083,train_02_bogie_bearing_0,bogie_bearing,train_02,2318,0.3936478392215957,2.983110740851117,44.945091996921064,118.47304842400668,2756,,,,,,,
1783414221.4425137,train_02_brake_unit_0,brake_unit,train_02,1345,,,,,1504,18.239194490144655,178.8991029341875,6.017614391300897,1345.0,,,
1783414221.4425137,train_02_traction_motor_0,traction_motor,train_02,389,0.31341724463522197,,,,4662,,,,,70.67153948493211,179.70653522748566,1476.6166010251677
1783414221.4425137,train_00_bogie_bearing_0,bogie_bearing,train_00,1307,0.3529679566535657,2.9077382460901573,44.00510972097351,116.01101268959407,1504,,,,,,,
1783414221.4425137,train_00_brake_unit_0,brake_unit,train_00,714,,,,,1990,17.889019771595436,178.2954994540489,6.10642242681283,714.0,,,
1783414221.4425137,train_00_traction_motor_0,traction_motor,train_00,2439,0.32344836951074685,,,,2292,,,,,71.77637576582929,180.14951865568702,1473.54857055465
1783414221.4425137,train_01_bogie_bearing_0,bogie_bearing,train_01,1173,0.3923924788012457,2.863819837755191,45.66287289401102,120.95094240932912,1626,,,,,,,
1783414221.4425137,train_01_brake_unit_0,brake_unit,train_01,95,,,,,1567,17.783335198935333,180.36247661677135,5.957664970984256,95.0,,,
1783414221.4425137,train_01_traction_motor_0,traction_motor,train_01,2990,0.4019261429672354,,,,2114,,,,,71.14467357279815,180.5526706655958,1473.7181263810473
1783414221.4425137,train_02_bogie_bearing_0,bogie_bearing,train_02,2319,0.3889648301392626,3.1852971810380826,46.14372639287732,121.42748423659803,2755,,,,,,,
1783414221.4425137,train_02_brake_unit_0,brake_unit,train_02,1346,,,,,1503,17.988277598761442,178.05068276307526,5.9425331303785445,1346.0,,,
1783414221.4425137,train_02_traction_motor_0,traction_motor,train_02,390,0.31281340904813953,,,,4661,,,,,67.93672698499044,179.33533900164645,1468.236560283393
1783414221.4425137,train_00_bogie_bearing_0,bogie_bearing,train_00,1308,0.39308498532426245,3.1364050973255218,47.32543364504231,131.65544986402932,1503,,,,,,,
1783414221.4425137,train_00_brake_unit_0,brake_unit,train_00,715,,,,,1989,17.87651884933754,169.52689035141086,6.0239118737217385,715.0,,,
1783414221.4425137,train_00_traction_motor_0,traction_motor,train_00,2440,0.32994404493915125,,,,2291,,,,,70.04810471528145,180.34464517566624,1489.678368598674
1783414221.4425137,train_01_bogie_bearing_0,bogie_bearing,train_01,1174,0.3724879254726086,2.9330926564508224,43.554429753629414,118.05476836370667,1625,,,,,,,
1783414221.4425137,train_01_brake_unit_0,brake_unit,train_01,96,,,,,1566,18.04235467749018,188.84153703625543,6.0104471279625775,96.0,,,
1783414221.4425137,train_01_traction_motor_0,traction_motor,train_01,2991,0.34628940416967763,,,,2113,,,,,70.3645065032961,178.37716388599412,1476.106962742751
1783414221.4425137,train_02_bogie_bearing_0,bogie_bearing,train_02,2320,0.36818979294709786,3.133302529704471,44.4061578802307,123.72629205149698,2754,,,,,,,
1783414221.4425137,train_02_brake_unit_0,brake_unit,train_02,1347,,,,,1502,18.143540835624915,181.04896127137505,5.964320636393011,1347.0,,,
1783414221.4425137,train_02_traction_motor_0,traction_motor,train_02,391,0.27559912686126403,,,,4660,,,,,69.31929454075306,176.16820986134312,1481.38373721823
1783414221.4425137,train_00_bogie_bearing_0,bogie_bearing,train_00,1309,0.39011483780549167,3.0408718895804734,45.61542440329917,125.2240069668273,1502,,,,,,,
1783414221.4425137,train_00_brake_unit_0,brake_unit,train_00,716,,,,,1988,17.963418751865014,185.71937732397504,6.036806298725936,716.0,,,
1783414221.4425137,train_00_traction_motor_0,traction_motor,train_00,2441,0.3177619501507962,,,,2290,,,,,70.94703191832478,176.66372841653947,1494.3597324792647
1783414221.4425137,train_01_bogie_bearing_0,bogie_bearing,train_01,1175,0.37214471988940356,2.9984457023936235,46.691222007912344,115.57181727182605,1624,,,,,,,
1783414221.4425137,train_01_brake_unit_0,brake_unit,train_01,97,,,,,1565,18.096758631068152,178.02892147468802,5.999616211848874,97.0,,,
1783414221.4425137,train_01_traction_motor_0,traction_motor,train_01,2992,0.3982357655039269,,,,2112,,,,,71.62136840943379,181.54604796211711,1487.0629502083325
1783414221.4425137,train_02_bogie_bearing_0,bogie_bearing,train_02,2321,0.38369585673535384,2.965205865504936,44.09074251791527,116.48739053228499,2753,,,,,,,
1783414221.4425137,train_02_brake_unit_0,brake_unit,train_02,1348,,,,,1501,18.3048673918911,174.62415149033492,6.019198720461323,1348.0,,,
1783414221.4425137,train_02_traction_motor_0,traction_motor,train_02,392,0.29042870987470504,,,,4659,,,,,70.73455466705943,179.01901887221186,1488.0251198353835
1783414221.4425137,train_00_bogie_bearing_0,bogie_bearing,train_00,1310,0.4137634995124381,3.037428771165843,44.634553257647006,119.104564732478,1501,,,,,,,
1783414221.4425137,train_00_brake_unit_0,brake_unit,train_00,717,,,,,1987,18.05165244178831,174.76680792398506,6.009755826332255,717.0,,,
1783414221.4425137,train_00_traction_motor_0,traction_motor,train_00,2442,0.37985366507069007,,,,2289,,,,,74.44943244247224,178.20966581823365,1478.8550269124717
1783414221.4425137,train_01_bogie_bearing_0,bogie_bearing,train_01,1176,0.3639956219893178,3.068431589314159,46.43629792685777,117.08366464902556,1623,,,,,,,
1783414221.4425137,train_01_brake_unit_0,brake_unit,train_01,98,,,,,1564,17.678174372602584,179.18867835025083,5.9150336197575735,98.0,,,
1783414221.4425137,train_01_traction_motor_0,traction_motor,train_01,2993,0.3595953231416889,,,,2111,,,,,74.43312835412252,178.64549242347923,1481.1600117029525
1783414221.4425137,train_02_bogie_bearing_0,bogie_bearing,train_02,2322,0.35538208636749263,3.262528984453276,44.02260412654126,115.61285768618144,2752,,,,,,,
1783414221.4425137,train_02_brake_unit_0,brake_unit,train_02,1349,,,,,1500,18.603688605514726,175.40163083183828,5.987332936469824,1349.0,,,
1783414221.4425137,train_02_traction_motor_0,traction_motor,train_02,393,0.2803758177689282,,,,4658,,,,,72.59484354697759,179.26622026830992,1486.2217813176983
1783414221.4425137,train_00_bogie_bearing_0,bogie_bearing,train_00,1311,0.3795931829955054,3.0396409955771206,43.95649976680954,119.04730502410133,1500,,,,,,,
1783414221.4425137,train_00_brake_unit_0,brake_unit,train_00,718,,,,,1986,18.060100856055616,177.41292920049253,6.0402506190647784,718.0,,,
1783414221.4425137,train_00_traction_motor_0,traction_motor,train_00,2443,0.3494174354076737,,,,2288,,,,,70.90740797031594,180.9300534470916,1481.1565562512683
1783414221.4425137,train_01_bogie_bearing_0,bogie_bearing,train_01,1177,0.38221448217998155,3.02724933579653,47.32428078166734,126.29341960990097,1622,,,,,,,
1783414221.443888,train_01_brake_unit_0,brake_unit,train_01,99,,,,,1563,17.885817428307178,174.44001271329338,6.095319037223248,99.0,,,
1783414221.443888,train_01_traction_motor_0,traction_motor,train_01,2994,0.3353905102022825,,,,2110,,,,,71.83834149052461,184.06017417088847,1485.5521507950357
1783414221.443888,train_02_bogie_bearing_0,bogie_bearing,train_02,2323,0.3753453299751689,3.0760514720416063,45.362965245893456,118.83131525678579,2751,,,,,,,
1783414221.443888,train_02_brake_unit_0,brake_unit,train_02,1350,,,,,1499,18.13057947474906,182.025633171613,6.1345569659874615,1350.0,,,
1783414221.443888,train_02_traction_motor_0,traction_motor,train_02,394,0.3036440729637475,,,,4657,,,,,69.64653544813113,180.8900515060849,1477.027787654965
1783414221.443888,train_00_bogie_bearing_0,bogie_bearing,train_00,1312,0.39377721693565526,3.2259026032183797,43.798435981346124,123.45531205479276,1499,,,,,,,
1783414221.443888,train_00_brake_unit_0,brake_unit,train_00,719,,,,,1985,18.01618598907014,174.92589225356377,5.9757819703059765,719.0,,,
1783414221.443888,train_00_traction_motor_0,traction_motor,train_00,2444,0.37709416621735065,,,,2287,,,,,71.54929090562716,184.30401628709947,1484.6703643616863
1783414221.443888,train_01_bogie_bearing_0,bogie_bearing,train_01,1178,0.38473947175721257,3.119883972797487,44.935211265951416,120.26618326343682,1621,,,,,,,
1783414221.443888,train_01_brake_unit_0,brake_unit,train_01,100,,,,,1562,18.148722051866606,174.110615347006,6.0626164735611505,100.0,,,
1783414221.443888,train_01_traction_motor_0,traction_motor,train_01,2995,0.3938054251153277,,,,2109,,,,,71.22528578803106,183.5322521161207,1496.4846369860647
1783414221.443888,train_02_bogie_bearing_0,bogie_bearing,train_02,2324,0.3533879242961116,3.043060010437575,44.1389636057014,117.9268806305349,2750,,,,,,,
1783414221.443888,train_02_brake_unit_0,brake_unit,train_02,1351,,,,,1498,18.264454738667215,177.77153285985048,5.935785077388024,1351.0,,,
1783414221.443888,train_02_traction_motor_0,traction_motor,train_02,395,0.2866918886012035,,,,4656,,,,,68.17698445557363,180.93811376281982,1489.2456243111026
1783414221.443888,train_00_bogie_bearing_0,bogie_bearing,train_00,1313,0.3414927562748109,3.0837488821127015,45.40523488079305,121.65556114149078,1498,,,,,,,
1783414221.443888,train_00_brake_unit_0,brake_unit,train_00,720,,,,,1984,17.716008502179328,177.23568970179474,6.049821930193472,720.0,,,
1783414221.443888,train_00_traction_motor_0,traction_motor,train_00,2445,0.349880785847759,,,,2286,,,,,72.89027715198077,183.3127274774165,1476.591913987655
1783414221.443888,train_01_bogie_bearing_0,bogie_bearing,train_01,1179,0.39740422869084346,3.060480369972378,45.46685444244032,121.0813729571269,1620,,,,,,,
1783414221.443888,train_01_brake_unit_0,brake_unit,train_01,101,,,,,1561,17.978163782494207,179.23958547171515,6.030700817601306,101.0,,,
1783414221.443888,train_01_traction_motor_0,traction_motor,train_01,2996,0.36797869120571114,,,,2108,,,,,69.5334506558613,185.72580067592423,1475.9734452189205
1783414221.443888,train_02_bogie_bearing_0,bogie_bearing,train_02,2325,0.3889278250557561,3.13426952079015,45.322869816445774,125.31584236174795,2749,,,,,,,
1783414221.443888,train_02_brake_unit_0,brake_unit,train_02,1352,,,,,1497,18.29554729926721,184.04013967587323,6.203139676951057,1352.0,,,
1783414221.443888,train_02_traction_motor_0,traction_motor,train_02,396,0.33220065541768834,,,,4655,,,,,66.99655514669891,178.62900294689945,1480.8661954143993
1783414221.443888,train_00_bogie_bearing_0,bogie_bearing,train_00,1314,0.35537483171614137,2.9282924536427,43.73282940696436,116.8234548398983,1497,,,,,,,
1783414221.443888,train_00_brake_unit_0,brake_unit,train_00,721,,,,,1983,18.10423235798302,181.57340225835105,5.889539147444721,721.0,,,
1783414221.443888,train_00_traction_motor_0,traction_motor,train_00,2446,0.3331439451612648,,,,2285,,,,,70.75893097089971,182.15232942122316,1486.7768871688802
1783414221.443888,train_01_bogie_bearing_0,bogie_bearing,train_01,1180,0.3628626651263574,3.0511243779317576,45.99325955241267,120.91684549646027,1619,,,,,,,
1783414221.443888,train_01_brake_unit_0,brake_unit,train_01,102,,,,,1560,17.89460089060887,179.10420703113783,6.0157722757364915,102.0,,,
1783414221.443888,train_01_traction_motor_0,traction_motor,train_01,2997,0.3810007409656079,,,,2107,,,,,70.53221044838304,180.48570900336233,1480.9845007300376
1783414221.443888,train_02_bogie_bearing_0,bogie_bearing,train_02,2326,0.3450735342218875,2.920259540968196,43.82973193865513,110.66553552060678,2748,,,,,,,
1783414221.443888,train_02_brake_unit_0,brake_unit,train_02,1353,,,,,1496,18.282140035497363,179.84851679712364,6.032795701609168,1353.0,,,
1783414221.443888,train_02_traction_motor_0,traction_motor,train_02,397,0.29873368796775174,,,,4654,,,,,71.99338175893773,184.06287488074955,1480.740189085535
1783414221.443888,train_00_bogie_bearing_0,bogie_bearing,train_00,1315,0.37563372905167836,2.9055488288801454,44.4468816471204,118.56793324770229,1496,,,,,,,
1783414221.443888,train_00_brake_unit_0,brake_unit,train_00,722,,,,,1982,18.283829929886583,173.28195083720243,6.033997642981961,722.0,,,
1783414221.443888,train_00_traction_motor_0,traction_motor,train_00,2447,0.3400236379570711,,,,2284,,,,,71.39049471632157,175.28265290374515,1488.5894315044795
1783414221.443888,train_01_bogie_bearing_0,bogie_bearing,train_01,1181,0.3655077044229948,2.930432914857411,44.57951769822731,121.71156176277967,1618,,,,,,,
1783414221.443888,train_01_brake_unit_0,brake_unit,train_01,103,,,,,1559,18.04961015026674,181.811940644077,6.10568401743469,103.0,,,
1783414221.443888,train_01_traction_motor_0,traction_motor,train_01,2998,0.39202050390523313,,,,2106,,,,,68.90910506795085,180.29055467595902,1490.844268344995
1783414221.443888,train_02_bogie_bearing_0,bogie_bearing,train_02,2327,0.382365100165701,3.0848602333614408,47.263404084856376,128.30792211621502,2747,,,,,,,
1783414221.443888,train_02_brake_unit_0,brake_unit,train_02,1354,,,,,1495,18.194205242405395,186.65752568789068,5.949364782719396,1354.0,,,
1783414221.443888,train_02_traction_motor_0,traction_motor,train_02,398,0.3063954938144191,,,,4653,,,,,69.96307233510757,177.50202684733847,1467.2866599513081
1783414221.443888,train_00_bogie_bearing_0,bogie_bearing,train_00,1316,0.36527600542625044,3.007880596771842,45.04273419626234,127.74892464971806,1495,,,,,,,
1783414221.443888,train_00_brake_unit_0,brake_unit,train_00,723,,,,,1981,17.881511397885863,181.9322302522831,5.970016247625685,723.0,,,
1783414221.443888,train_00_traction_motor_0,traction_motor,train_00,2448,0.3550947914847107,,,,2283,,,,,70.95748752870585,179.75879489644254,1489.6756677840167
1783414221.443888,train_01_bogie_bearing_0,bogie_bearing,train_01,1182,0.3763882138632627,3.2972837049681796,45.457556819554,125.7328580264247,1617,,,,,,,
1783414221.443888,train_01_brake_unit_0,brake_unit,train_01,104,,,,,1558,18.0874365602049,179.71848399732724,5.986399393097407,104.0,,,
1783414221.443888,train_01_traction_motor_0,traction_motor,train_01,2999,0.35374410740848317,,,,2105,,,,,71.7714155801304,183.2835711851621,1490.6125192499
1783414221.443888,train_02_bogie_bearing_0,bogie_bearing,train_02,2328,0.37931605401762797,3.095455170343358,45.004193272031635,123.7421885018606,2746,,,,,,,
1783414221.443888,train_02_brake_unit_0,brake_unit,train_02,1355,,,,,1494,18.120288295093694,171.32566052671618,5.897458073612973,1355.0,,,
1783414221.443888,train_02_traction_motor_0,traction_motor,train_02,399,0.2857286123019777,,,,4652,,,,,71.34465819744324,175.49463903128955,1456.2869933963852
1783414221.443888,train_00_bogie_bearing_0,bogie_bearing,train_00,1317,0.43613417811934374,3.0973825383955016,44.777265909257615,121.86032083800123,1494,,,,,,,
1783414221.443888,train_00_brake_unit_0,brake_unit,train_00,724,,,,,1980,17.981337508219376,180.69190745975882,5.9957055491167175,724.0,,,
1783414221.443888,train_00_traction_motor_0,traction_motor,train_00,2449,0.3561439808606563,,,,2282,,,,,71.1975183472847,178.71265516237128,1488.3491812808797
1783414221.443888,train_01_bogie_bearing_0,bogie_bearing,train_01,1183,0.35693434459076095,2.9488551986911,46.570939112961206,119.23462405321976,1616,,,,,,,
1783414221.443888,train_01_brake_unit_0,brake_unit,train_01,105,,,,,1557,17.933948962919242,187.27769777912656,6.0105517973147435,105.0,,,
1783414221.443888,train_01_traction_motor_0,traction_motor,train_01,3000,0.36363837336930005,,,,2104,,,,,73.47461448802142,178.46524794710118,1478.3444076880871
1783414221.443888,train_02_bogie_bearing_0,bogie_bearing,train_02,2329,0.3537790940456411,3.113881769535471,44.774570427822,124.59125064293426,2745,,,,,,,
1783414221.443888,train_02_brake_unit_0,brake_unit,train_02,1356,,,,,1493,18.05309832745955,172.85078319676833,5.951009962063402,1356.0,,,
1783414221.443888,train_02_traction_motor_0,traction_motor,train_02,400,0.2950515574418795,,,,4651,,,,,69.73305497488418,179.52461100078418,1481.6303543473462
1783414221.443888,train_00_bogie_bearing_0,bogie_bearing,train_00,1318,0.40196530004624276,3.120307035936065,45.722790680765584,122.22613377100505,1493,,,,,,,
1783414221.443888,train_00_brake_unit_0,brake_unit,train_00,725,,,,,1979,18.33130829317005,179.75988387794038,5.978038072309272,725.0,,,
1783414221.443888,train_00_traction_motor_0,traction_motor,train_00,2450,0.31795420942027647,,,,2281,,,,,69.13320944005616,178.11258342707632,1480.603019996937
1783414221.443888,train_01_bogie_bearing_0,bogie_bearing,train_01,1184,0.3774362578649287,2.9611799246768653,46.13601864164394,122.95765068920379,1615,,,,,,,
1783414221.443888,train_01_brake_unit_0,brake_unit,train_01,106,,,,,1556,17.902401401338537,182.74468077693584,6.015071769302713,106.0,,,
1783414221.443888,train_01_traction_motor_0,traction_motor,train_01,3001,0.37621356720562876,,,,2103,,,,,71.02714315408927,178.59133111261204,1483.4543703508125
1783414221.443888,train_02_bogie_bearing_0,bogie_bearing,train_02,2330,0.4118713132610413,3.175005843164226,45.0613004448113,121.45381735135629,2744,,,,,,,
1783414221.443888,train_02_brake_unit_0,brake_unit,train_02,1357,,,,,1492,17.99808588709228,179.81764067022996,5.93138316189906,1357.0,,,
1783414221.443888,train_02_traction_motor_0,traction_motor,train_02,401,0.2765877107675311,,,,4650,,,,,72.99785396906022,177.48979169967382,1481.8868598143736
1783414221.443888,train_00_bogie_bearing_0,bogie_bearing,train_00,1319,0.3634834900660399,3.0790907212547487,47.15996828221345,113.39296340728293,1492,,,,,,,
1783414221.443888,train_00_brake_unit_0,brake_unit,train_00,726,,,,,1978,17.96261793046637,177.5932498464892,6.067623995163841,726.0,,,
1783414221.443888,train_00_traction_motor_0,traction_motor,train_00,2451,0.3532181313664755,,,,2280,,,,,68.0202147813532,179.0475637617232,1491.3658483712152
1783414221.443888,train_01_bogie_bearing_0,bogie_bearing,train_01,1185,0.36375737248546053,3.091955558434032,45.99944146579681,121.79239745574482,1614,,,,,,,
1783414221.443888,train_01_brake_unit_0,brake_unit,train_01,107,,,,,1555,18.08105367362158,174.83107354887056,6.018856939690296,107.0,,,
1783414221.443888,train_01_traction_motor_0,traction_motor,train_01,3002,0.3549400774567089,,,,2102,,,,,71.80017501404186,177.44431524090675,1487.6488898793918
1783414221.443888,train_02_bogie_bearing_0,bogie_bearing,train_02,2331,0.3729214400651666,3.1954049936064273,44.87364200783226,120.12843069588374,2743,,,,,,,
1783414221.443888,train_02_brake_unit_0,brake_unit,train_02,1358,,,,,1491,18.079044039903263,183.6456359421688,5.974523205229078,1358.0,,,
1783414221.443888,train_02_traction_motor_0,traction_motor,train_02,402,0.2793091849346088,,,,4649,,,,,72.04588746400957,172.7638572978453,1492.8907933960456
1783414221.443888,train_00_bogie_bearing_0,bogie_bearing,train_00,1320,0.37992850040198856,2.860650318382232,45.029104289080614,118.85510820063732,1491,,,,,,,
1783414221.443888,train_00_brake_unit_0,brake_unit,train_00,727,,,,,1977,17.859262678051685,183.0948373449321,6.044587678456883,727.0,,,
1783414221.443888,train_00_traction_motor_0,traction_motor,train_00,2452,0.3840299946880093,,,,2279,,,,,71.73250888241424,181.29726818002192,1478.4734794775181
1783414221.443888,train_01_bogie_bearing_0,bogie_bearing,train_01,1186,0.38887125508631776,2.8648844390877732,45.401588200717896,118.43814420214876,1613,,,,,,,
1783414221.443888,train_01_brake_unit_0,brake_unit,train_01,108,,,,,1554,17.974232465136446,188.3421258696515,5.911736581698158,108.0,,,
1783414221.443888,train_01_traction_motor_0,traction_motor,train_01,3003,0.3537904519102104,,,,2101,,,,,71.61137261857898,181.82621374150185,1491.6411887910394
1783414221.443888,train_02_bogie_bearing_0,bogie_bearing,train_02,2332,0.35141517709232173,3.048607188888994,44.41234860231211,118.63063624534448,2742,,,,,,,
1783414221.443888,train_02_brake_unit_0,brake_unit,train_02,1359,,,,,1490,17.916603045491836,173.21508988760283,6.055810434631459,1359.0,,,
1783414221.443888,train_02_traction_motor_0,traction_motor,train_02,403,0.31581869205057655,,,,4648,,,,,66.15482139460755,180.8193240170666,1474.292323534574
1783414221.443888,train_00_bogie_bearing_0,bogie_bearing,train_00,1321,0.40485319390946956,3.0894165422320183,47.72311153253392,121.68075439489975,1490,,,,,,,
1783414221.443888,train_00_brake_unit_0,brake_unit,train_00,728,,,,,1976,18.001343997649446,184.28175323974693,6.052645134816426,728.0,,,
1783414221.443888,train_00_traction_motor_0,traction_motor,train_00,2453,0.33433461107768736,,,,2278,,,,,69.90278681239855,179.34528613338347,1487.500307238611
1783414221.443888,train_01_bogie_bearing_0,bogie_bearing,train_01,1187,0.3674659320326236,2.9955836870715618,45.55195884793775,119.0169539999484,1612,,,,,,,
1783414221.443888,train_01_brake_unit_0,brake_unit,train_01,109,,,,,1553,17.662601833892197,175.86923797155342,5.93744353603159,109.0,,,
1783414221.443888,train_01_traction_motor_0,traction_motor,train_01,3004,0.3529677528347419,,,,2100,,,,,69.68839716540502,180.69252013011004,1490.847478273782
1783414221.443888,train_02_bogie_bearing_0,bogie_bearing,train_02,2333,0.36469167889338044,3.0447444791626523,46.36442320446638,116.09616473554038,2741,,,,,,,
1783414221.443888,train_02_brake_unit_0,brake_unit,train_02,1360,,,,,1489,18.25669122614283,180.18913603823373,6.069089663481928,1360.0,,,
1783414221.443888,train_02_traction_motor_0,traction_motor,train_02,404,0.2794211588873283,,,,4647,,,,,71.05444785435478,179.9659773416014,1478.317826826044
1783414221.443888,train_00_bogie_bearing_0,bogie_bearing,train_00,1322,0.3569708687502614,3.123204085966945,44.99048000802877,115.91087887341068,1489,,,,,,,
1783414221.443888,train_00_brake_unit_0,brake_unit,train_00,729,,,,,1975,18.195698659208485,168.79502950268608,5.882918487868343,729.0,,,
1783414221.443888,train_00_traction_motor_0,traction_motor,train_00,2454,0.34876105957190356,,,,2277,,,,,72.87759838961374,183.0857575379931,1472.0544213719043
1783414221.443888,train_01_bogie_bearing_0,bogie_bearing,train_01,1188,0.38567581933245493,3.043998211662117,45.7873061849177,119.24931603628619,1611,,,,,,,
1783414221.443888,train_01_brake_unit_0,brake_unit,train_01,110,,,,,1552,18.024096528924435,183.89167694183965,6.064598529174424,110.0,,,
1783414221.443888,train_01_traction_motor_0,traction_motor,train_01,3005,0.3914053985623139,,,,2099,,,,,67.76453679031823,184.86082056359098,1473.781483769601
1783414221.443888,train_02_bogie_bearing_0,bogie_bearing,train_02,2334,0.38734224227249947,3.1436003167098465,47.113322610401774,122.0651902884058,2740,,,,,,,
1783414221.443888,train_02_brake_unit_0,brake_unit,train_02,1361,,,,,1488,18.039398352369478,181.35751605040733,5.9933956182499,1361.0,,,
1783414221.443888,train_02_traction_motor_0,traction_motor,train_02,405,0.33582700358683815,,,,4646,,,,,73.07510040542623,183.4103939696735,1472.6365686960378
1783414221.443888,train_00_bogie_bearing_0,bogie_bearing,train_00,1323,0.4011365896501345,3.0990317930778004,46.59202295865249,122.54148457144511,1488,,,,,,,
1783414221.443888,train_00_brake_unit_0,brake_unit,train_00,730,,,,,1974,18.122144757861506,181.9035231551781,5.859971991158433,730.0,,,
1783414221.443888,train_00_traction_motor_0,traction_motor,train_00,2455,0.3175791541700386,,,,2276,,,,,69.85260254640784,185.83046755468135,1495.009489272254
1783414221.443888,train_01_bogie_bearing_0,bogie_bearing,train_01,1189,0.3819007977968531,3.1733432684663168,45.251307907920896,120.81118910759112,1610,,,,,,,
1783414221.443888,train_01_brake_unit_0,brake_unit,train_01,111,,,,,1551,18.059937788716052,180.30484783993126,5.895826739957365,111.0,,,
1783414221.443888,train_01_traction_motor_0,traction_motor,train_01,3006,0.40742146678762753,,,,2098,,,,,71.01743225463102,183.9820989574445,1482.0407519705882
1783414221.443888,train_02_bogie_bearing_0,bogie_bearing,train_02,2335,0.386299455388671,3.0303017555584266,44.2337800153491,119.39579248957229,2739,,,,,,,
1783414221.443888,train_02_brake_unit_0,brake_unit,train_02,1362,,,,,1487,17.986280739641543,183.8598196013378,6.04868397984266,1362.0,,,
1783414221.443888,train_02_traction_motor_0,traction_motor,train_02,406,0.3200385821795331,,,,4645,,,,,69.817954592009,183.1799358432623,1488.210091682942
1783414221.443888,train_00_bogie_bearing_0,bogie_bearing,train_00,1324,0.3715470312589438,2.946555742718947,45.68789006384256,121.51712013746065,1487,,,,,,,
1783414221.443888,train_00_brake_unit_0,brake_unit,train_00,731,,,,,1973,18.19171908966177,179.53927278317255,5.903135743902176,731.0,,,
1783414221.443888,train_00_traction_motor_0,traction_motor,train_00,2456,0.33920105599989964,,,,2275,,,,,71.01379917029263,179.05254896499773,1483.2024254536052
1783414221.443888,train_01_bogie_bearing_0,bogie_bearing,train_01,1190,0.36431237401303584,3.069536277269692,44.83795113136672,120.97641755591341,1609,,,,,,,
1783414221.443888,train_01_brake_unit_0,brake_unit,train_01,112,,,,,1550,17.82948535960265,177.59679220392084,6.115062126169955,112.0,,,
1783414221.443888,train_01_traction_motor_0,traction_motor,train_01,3007,0.34832854364808236,,,,2097,,,,,71.61589999814682,174.9513118149569,1467.0571515168626
1783414221.443888,train_02_bogie_bearing_0,bogie_bearing,train_02,2336,0.3860872848725103,3.0389088277601397,46.53087678707008,109.30866226758825,2738,,,,,,,
1783414221.443888,train_02_brake_unit_0,brake_unit,train_02,1363,,,,,1486,18.408504989667286,175.66826562101707,5.9870444049964835,1363.0,,,
1783414221.443888,train_02_traction_motor_0,traction_motor,train_02,407,0.2936002378274569,,,,4644,,,,,68.66047717064605,184.28473726792475,1494.702515529207
1783414221.443888,train_00_bogie_bearing_0,bogie_bearing,train_00,1325,0.426653261642577,3.058632015357445,47.09790582456972,119.62680540138604,1486,,,,,,,
1783414221.443888,train_00_brake_unit_0,brake_unit,train_00,732,,,,,1972,18.08165698246419,196.0955369835959,6.070786427144359,732.0,,,
1783414221.443888,train_00_traction_motor_0,traction_motor,train_00,2457,0.33607291206979617,,,,2274,,,,,72.14251257741466,179.31819604786878,1488.4499807739955
1783414221.443888,train_01_bogie_bearing_0,bogie_bearing,train_01,1191,0.3825225623795058,3.0399000137426286,45.57721744883106,121.6998635897446,1608,,,,,,,
1783414221.443888,train_01_brake_unit_0,brake_unit,train_01,113,,,,,1549,18.100396418379734,175.0929817865108,5.884657120964078,113.0,,,
1783414221.443888,train_01_traction_motor_0,traction_motor,train_01,3008,0.3578000388770892,,,,2096,,,,,71.2661786303802,183.79618943061365,1471.2172394554473
1783414221.443888,train_02_bogie_bearing_0,bogie_bearing,train_02,2337,0.37382525770000485,3.0460880449641587,45.59603160963532,115.96842820150582,2737,,,,,,,
1783414221.443888,train_02_brake_unit_0,brake_unit,train_02,1364,,,,,1485,18.184201870141568,171.85090509512568,5.860787836257374,1364.0,,,
1783414221.443888,train_02_traction_motor_0,traction_motor,train_02,408,0.2980580036844128,,,,4643,,,,,69.67056002716441,179.91835092051673,1481.8079261512423
1783414221.443888,train_00_bogie_bearing_0,bogie_bearing,train_00,1326,0.3664343226515963,2.9380262988098456,44.25182275523715,121.15566666867483,1485,,,,,,,
1783414221.443888,train_00_brake_unit_0,brake_unit,train_00,733,,,,,1971,17.962248908690356,167.69362446239882,5.866375553433799,733.0,,,
1783414221.443888,train_00_traction_motor_0,traction_motor,train_00,2458,0.33520872663281304,,,,2273,,,,,69.85348733749662,180.90440699035926,1478.6890247855451
1783414221.443888,train_01_bogie_bearing_0,bogie_bearing,train_01,1192,0.3635082289602537,2.95238045415799,45.720202101680115,113.85743172029552,1607,,,,,,,
1783414221.443888,train_01_brake_unit_0,brake_unit,train_01,114,,,,,1548,18.01580449729055,179.26594894839627,6.127104240545102,114.0,,,
1783414221.443888,train_01_traction_motor_0,traction_motor,train_01,3009,0.3672616994830212,,,,2095,,,,,74.23224793595222,177.47386572813627,1482.516729242529
1783414221.443888,train_02_bogie_bearing_0,bogie_bearing,train_02,2338,0.3705414942213881,3.0905270602553463,45.87323040273636,117.51132919898296,2736,,,,,,,
1783414221.443888,train_02_brake_unit_0,brake_unit,train_02,1365,,,,,1484,18.34884100320833,188.49562007910515,6.059874556520574,1365.0,,,
1783414221.443888,train_02_traction_motor_0,traction_motor,train_02,409,0.2937692075842908,,,,4642,,,,,67.18082819871623,177.40129947751808,1480.9572797587518
1783414221.443888,train_00_bogie_bearing_0,bogie_bearing,train_00,1327,0.38543787148789305,3.2435903856302444,45.17636081364112,121.65516926876086,1484,,,,,,,
1783414221.443888,train_00_brake_unit_0,brake_unit,train_00,734,,,,,1970,18.038421174579582,180.23306476257576,6.038572343416458,734.0,,,
1783414221.443888,train_00_traction_motor_0,traction_motor,train_00,2459,0.3496359317890914,,,,2272,,,,,73.16223806698763,182.55852302448696,1471.9779074760856
1783414221.443888,train_01_bogie_bearing_0,bogie_bearing,train_01,1193,0.39591207834913994,3.125320133915241,45.453630170754586,123.54557583827182,1606,,,,,,,
1783414221.443888,train_01_brake_unit_0,brake_unit,train_01,115,,,,,1547,18.180478655160343,181.45004115794637,5.971587406396462,115.0,,,
1783414221.443888,train_01_traction_motor_0,traction_motor,train_01,3010,0.37952834774356037,,,,2094,,,,,66.74750487056406,170.36150030646218,1468.1724009139166
1783414221.443888,train_02_bogie_bearing_0,bogie_bearing,train_02,2339,0.39518113848496195,2.9346579101854724,44.60602788436773,125.48216395445652,2735,,,,,,,
1783414221.443888,train_02_brake_unit_0,brake_unit,train_02,1366,,,,,1483,18.512117282647274,181.30799500251948,6.050210817729184,1366.0,,,
1783414221.443888,train_02_traction_motor_0,traction_motor,train_02,410,0.2800813961283293,,,,4641,,,,,70.19858142473335,179.67314993113794,1479.7186125398107
1783414221.443888,train_00_bogie_bearing_0,bogie_bearing,train_00,1328,0.3837492394895717,2.981303477623668,46.27137455108376,120.13844749674102,1483,,,,,,,
1783414221.443888,train_00_brake_unit_0,brake_unit,train_00,735,,,,,1969,18.01125159355511,181.31945171564453,6.052063024290032,735.0,,,
1783414221.443888,train_00_traction_motor_0,traction_motor,train_00,2460,0.36560424018274584,,,,2271,,,,,69.1298335308928,179.55409221747118,1469.851917510353
1783414221.443888,train_01_bogie_bearing_0,bogie_bearing,train_01,1194,0.3864515825539029,2.885763026321828,45.472197665760476,122.9423323697135,1605,,,,,,,
1783414221.443888,train_01_brake_unit_0,brake_unit,train_01,116,,,,,1546,18.095241332447653,172.98198533367207,6.0265276233880405,116.0,,,
1783414221.443888,train_01_traction_motor_0,traction_motor,train_01,3011,0.3659186808402999,,,,2093,,,,,72.05146298808995,179.86019454254804,1488.9272924034408
1783414221.443888,train_02_bogie_bearing_0,bogie_bearing,train_02,2340,0.42157196326751,3.1824587331155945,45.208877980651096,121.41088065210538,2734,,,,,,,
1783414221.443888,train_02_brake_unit_0,brake_unit,train_02,1367,,,,,1482,18.194321398687357,181.974906236751,6.083514721179339,1367.0,,,
1783414221.443888,train_02_traction_motor_0,traction_motor,train_02,411,0.29183975620640923,,,,4640,,,,,68.90812532876197,181.90408054271262,1480.0274704438666
1783414221.443888,train_00_bogie_bearing_0,bogie_bearing,train_00,1329,0.40237256386847636,3.018188680888,46.10420333349081,121.51537041383358,1482,,,,,,,
1783414221.443888,train_00_brake_unit_0,brake_unit,train_00,736,,,,,1968,18.24363964909432,177.7009807593383,5.870321765586824,736.0,,,
1783414221.443888,train_00_traction_motor_0,traction_motor,train_00,2461,0.34462134286689555,,,,2270,,,,,69.16171665774664,179.97077351052027,1478.4938317996139
1783414221.443888,train_01_bogie_bearing_0,bogie_bearing,train_01,1195,0.38405977485542814,3.070550883680963,45.653241561182035,122.46453867200896,1604,,,,,,,
1783414221.443888,train_01_brake_unit_0,brake_unit,train_01,117,,,,,1545,17.9457899640041,169.10236744138092,6.002930364328201,117.0,,,
1783414221.443888,train_01_traction_motor_0,traction_motor,train_01,3012,0.39582434558029866,,,,2092,,,,,72.71489296691436,181.9187189215912,1477.9627020460762
1783414221.443888,train_02_bogie_bearing_0,bogie_bearing,train_02,2341,0.3751802898298815,3.0509159385361904,46.30523133996405,117.76891461604231,2733,,,,,,,
1783414221.443888,train_02_brake_unit_0,brake_unit,train_02,1368,,,,,1481,18.278221458889348,176.55062531623716,6.095572655615942,1368.0,,,
1783414221.443888,train_02_traction_motor_0,traction_motor,train_02,412,0.28488369475061703,,,,4639,,,,,70.15495962055488,177.42474856084002,1475.702249309626
1783414221.443888,train_00_bogie_bearing_0,bogie_bearing,train_00,1330,0.36996381989068716,3.0995745437744375,44.107140214324424,119.1837256622446,1481,,,,,,,
1783414221.443888,train_00_brake_unit_0,brake_unit,train_00,737,,,,,1967,18.39417884565272,173.3189916516023,6.120502097708599,737.0,,,
1783414221.443888,train_00_traction_motor_0,traction_motor,train_00,2462,0.3460121504205622,,,,2269,,,,,71.31111320672755,182.12772940281837,1479.960842587453
1783414221.443888,train_01_bogie_bearing_0,bogie_bearing,train_01,1196,0.36821111017543384,3.152281361589251,44.59974478210776,119.75899261439486,1603,,,,,,,
1783414221.443888,train_01_brake_unit_0,brake_unit,train_01,118,,,,,1544,18.06872105208124,187.22913598985102,5.993858255017243,118.0,,,
1783414221.443888,train_01_traction_motor_0,traction_motor,train_01,3013,0.36758652525046126,,,,2091,,,,,69.47627148324027,176.53384228122647,1474.665313696836
1783414221.443888,train_02_bogie_bearing_0,bogie_bearing,train_02,2342,0.4121730569882728,3.3320536475993,44.732993424156284,125.74120062658176,2732,,,,,,,
1783414221.443888,train_02_brake_unit_0,brake_unit,train_02,1369,,,,,1480,18.15439173322502,183.49106386040808,6.0226612067180945,1369.0,,,
1783414221.443888,train_02_traction_motor_0,traction_motor,train_02,413,0.2721689217216678,,,,4638,,,,,69.38958617490435,175.3715083000273,1485.22953492764
1783414221.443888,train_00_bogie_bearing_0,bogie_bearing,train_00,1331,0.377260136155522,3.0568247257418086,46.14477077209996,120.7214557721056,1480,,,,,,,
1783414221.443888,train_00_brake_unit_0,brake_unit,train_00,738,,,,,1966,18.21146900763387,188.10236549705712,6.042317038854481,738.0,,,
1783414221.443888,train_00_traction_motor_0,traction_motor,train_00,2463,0.36631458932495264,,,,2268,,,,,72.55836777017079,182.6370721312808,1485.9789382765136
1783414221.443888,train_01_bogie_bearing_0,bogie_bearing,train_01,1197,0.355472229641995,3.1092422915901525,43.888998378274664,116.82160217949978,1602,,,,,,,
1783414221.443888,train_01_brake_unit_0,brake_unit,train_01,119,,,,,1543,18.126512512570823,187.4405876096795,5.978313998121686,119.0,,,
1783414221.443888,train_01_traction_motor_0,traction_motor,train_01,3014,0.3743138639789606,,,,2090,,,,,70.78914571857413,181.55102502236818,1491.0405321400758
1783414221.443888,train_02_bogie_bearing_0,bogie_bearing,train_02,2343,0.3928877030741623,2.952347304539545,45.770379899812596,120.01243420074255,2731,,,,,,,
1783414221.443888,train_02_brake_unit_0,brake_unit,train_02,1370,,,,,1479,18.142173184499068,180.4107281836136,5.996142348535562,1370.0,,,
1783414221.443888,train_02_traction_motor_0,traction_motor,train_02,414,0.2952541483503736,,,,4637,,,,,69.85443211898692,173.71004840996812,1472.8499431083621
1783414221.443888,train_00_bogie_bearing_0,bogie_bearing,train_00,1332,0.3755706988218215,3.1942961198311433,45.1858457276873,125.15377699727301,1479,,,,,,,
1783414221.443888,train_00_brake_unit_0,brake_unit,train_00,739,,,,,1965,18.033225327764484,179.76332640369682,6.003067815359841,739.0,,,
1783414221.443888,train_00_traction_motor_0,traction_motor,train_00,2464,0.3037491942824377,,,,2267,,,,,67.21708564668789,179.16648949176277,1481.3102260328972
1783414221.443888,train_01_bogie_bearing_0,bogie_bearing,train_01,1198,0.3869593622269134,3.0008577205210343,46.264558142048585,124.12078161261093,1601,,,,,,,
1783414221.443888,train_01_brake_unit_0,brake_unit,train_01,120,,,,,1542,18.1448903218573,181.36691396204267,5.955130526455797,120.0,,,
1783414221.443888,train_01_traction_motor_0,traction_motor,train_01,3015,0.37240103401684027,,,,2089,,,,,71.31732800107768,185.73475593623692,1462.3668658011816
1783414221.443888,train_02_bogie_bearing_0,bogie_bearing,train_02,2344,0.36215989595437215,3.0149615130743475,45.06593919167914,113.97069740890781,2730,,,,,,,
1783414221.443888,train_02_brake_unit_0,brake_unit,train_02,1371,,,,,1478,18.04889113015785,193.62225082490238,6.161941094013411,1371.0,,,
1783414221.443888,train_02_traction_motor_0,traction_motor,train_02,415,0.2771489508876024,,,,4636,,,,,69.45674146412975,174.27802750271272,1479.0685866223146
1783414221.443888,train_00_bogie_bearing_0,bogie_bearing,train_00,1333,0.38769682778846043,2.896256327126653,44.5897562418835,120.59450838121133,1478,,,,,,,
1783414221.443888,train_00_brake_unit_0,brake_unit,train_00,740,,,,,1964,18.090378382457647,173.6057369940624,6.07115061727548,740.0,,,
1783414221.443888,train_00_traction_motor_0,traction_motor,train_00,2465,0.3436349372890219,,,,2266,,,,,71.64686408952392,176.66806860860953,1478.6662650221156
1783414221.443888,train_01_bogie_bearing_0,bogie_bearing,train_01,1199,0.3898357464866177,3.025296122937166,46.77799709486111,124.03004308394624,1600,,,,,,,
1783414221.443888,train_01_brake_unit_0,brake_unit,train_01,121,,,,,1541,18.113022361030712,189.6727480950172,6.156889176983659,121.0,,,
1783414221.443888,train_01_traction_motor_0,traction_motor,train_01,3016,0.4021737514173409,,,,2088,,,,,69.76321767367028,178.14289095080824,1471.3962720886484
1783414221.443888,train_02_bogie_bearing_0,bogie_bearing,train_02,2345,0.39436019984586473,3.041125565990852,44.67046910866917,117.30315015310197,2729,,,,,,,
1783414221.443888,train_02_brake_unit_0,brake_unit,train_02,1372,,,,,1477,18.04656181786487,192.74682635260817,6.041649711911216,1372.0,,,
1783414221.443888,train_02_traction_motor_0,traction_motor,train_02,416,0.2964148622176405,,,,4635,,,,,69.26851554857055,177.86177434245914,1458.7899877505017
1783414221.443888,train_00_bogie_bearing_0,bogie_bearing,train_00,1334,0.35328779937266797,2.831450440736662,44.15732114152579,125.29982271752652,1477,,,,,,,
1783414221.443888,train_00_brake_unit_0,brake_unit,train_00,741,,,,,1963,18.221458938379715,182.26397068974092,6.065392143460367,741.0,,,
1783414221.443888,train_00_traction_motor_0,traction_motor,train_00,2466,0.35848969277468146,,,,2265,,,,,71.48458065095346,179.06852008862973,1485.6740159129256
1783414221.443888,train_01_bogie_bearing_0,bogie_bearing,train_01,1200,0.3666643929606834,2.9272309358918793,44.06279528759534,120.34602216768585,1599,,,,,,,
1783414221.443888,train_01_brake_unit_0,brake_unit,train_01,122,,,,,1540,17.881637825004585,180.13680195343002,6.045694632848406,122.0,,,
1783414221.443888,train_01_traction_motor_0,traction_motor,train_01,3017,0.3981162706996061,,,,2087,,,,,73.48244876743264,178.3157012300148,1495.448052968731
1783414221.443888,train_02_bogie_bearing_0,bogie_bearing,train_02,2346,0.40690755350253993,3.058241658681468,44.90936934702028,112.76921256090027,2728,,,,,,,
1783414221.4504943,train_02_brake_unit_0,brake_unit,train_02,1373,,,,,1476,17.945052746812436,186.17869792002594,6.139239435781967,1373.0,,,
1783414221.4504943,train_02_traction_motor_0,traction_motor,train_02,417,0.28562713491511516,,,,4634,,,,,70.45510328988556,178.1169997251401,1486.1996385042487
1783414221.4504943,train_00_bogie_bearing_0,bogie_bearing,train_00,1335,0.42439971743203075,3.0083578329774374,46.3529680877728,120.38965365183113,1476,,,,,,,
1783414221.4504943,train_00_brake_unit_0,brake_unit,train_00,742,,,,,1962,17.96091786056844,179.9621421310016,5.993559240572878,742.0,,,
1783414221.4504943,train_00_traction_motor_0,traction_motor,train_00,2467,0.3569881812442817,,,,2264,,,,,71.69285504716582,182.58035865076604,1493.495267080415
1783414221.4504943,train_01_bogie_bearing_0,bogie_bearing,train_01,1201,0.3702357444070769,3.076926143563503,44.62403000899232,120.09342126445823,1598,,,,,,,
1783414221.4509602,train_01_brake_unit_0,brake_unit,train_01,123,,,,,1539,18.243540065173434,181.82246214273752,5.982610621631949,123.0,,,
1783414221.4509602,train_01_traction_motor_0,traction_motor,train_01,3018,0.3323960205225496,,,,2086,,,,,67.90031894653185,183.70893546420217,1482.4658768327533
1783414221.4509602,train_02_bogie_bearing_0,bogie_bearing,train_02,2347,0.3595366772986771,3.0491974851507466,47.325514761874985,123.29679847918345,2727,,,,,,,
1783414221.4509602,train_02_brake_unit_0,brake_unit,train_02,1374,,,,,1475,18.11357520786293,179.37288544849304,5.8476074983018655,1374.0,,,
1783414221.4509602,train_02_traction_motor_0,traction_motor,train_02,418,0.26862355308107155,,,,4633,,,,,71.27038733856685,178.01822095261562,1470.7439903864367
1783414221.4509602,train_00_bogie_bearing_0,bogie_bearing,train_00,1336,0.39078322241961827,2.8482934843342673,45.96885606231403,123.01542027973473,1475,,,,,,,
1783414221.4509602,train_00_brake_unit_0,brake_unit,train_00,743,,,,,1961,17.65600271827036,175.22872433074838,6.10144305420502,743.0,,,
1783414221.4509602,train_00_traction_motor_0,traction_motor,train_00,2468,0.3204510745169459,,,,2263,,,,,70.17952767853708,183.21463981541436,1475.8004817488422
1783414221.4509602,train_01_bogie_bearing_0,bogie_bearing,train_01,1202,0.3891232261432067,3.2233568950584663,45.04539750060878,121.50417747849045,1597,,,,,,,
1783414221.4509602,train_01_brake_unit_0,brake_unit,train_01,124,,,,,1538,18.179104583123536,176.20152487436422,5.955193921735928,124.0,,,
1783414221.4509602,train_01_traction_motor_0,traction_motor,train_01,3019,0.3773550315734396,,,,2085,,,,,68.81353124781755,184.22566483686342,1484.328369615111
1783414221.4509602,train_02_bogie_bearing_0,bogie_bearing,train_02,2348,0.38364298619667,3.125801707559754,43.44450384192037,115.70093594472914,2726,,,,,,,
1783414221.4509602,train_02_brake_unit_0,brake_unit,train_02,1375,,,,,1474,18.22042176672066,183.40916379756678,6.166750329768972,1375.0,,,
1783414221.4509602,train_02_traction_motor_0,traction_motor,train_02,419,0.35435182912473345,,,,4632,,,,,70.98901026579198,179.3610757544625,1473.620672034153
1783414221.4509602,train_00_bogie_bearing_0,bogie_bearing,train_00,1337,0.39860049402918923,3.004215137150253,44.32314470760061,129.23937768836032,1474,,,,,,,
1783414221.4509602,train_00_brake_unit_0,brake_unit,train_00,744,,,,,1960,17.918384024335477,184.7913527479914,5.994091071029672,744.0,,,
1783414221.4509602,train_00_traction_motor_0,traction_motor,train_00,2469,0.3182814297359056,,,,2262,,,,,71.54530368447124,181.86004661357953,1496.506885964596
1783414221.4509602,train_01_bogie_bearing_0,bogie_bearing,train_01,1203,0.3703693423964486,2.989137449774487,44.838709888013085,118.98414928780888,1596,,,,,,,
1783414221.4509602,train_01_brake_unit_0,brake_unit,train_01,125,,,,,1537,18.13800250694443,171.33812291482943,6.0690155831112955,125.0,,,
1783414221.4509602,train_01_traction_motor_0,traction_motor,train_01,3020,0.3503415717966171,,,,2084,,,,,71.72489738309861,185.31100829146894,1491.952752317756
1783414221.4509602,train_02_bogie_bearing_0,bogie_bearing,train_02,2349,0.3558787199844731,3.134588986392811,45.727835583174496,113.57891501146973,2725,,,,,,,
1783414221.4509602,train_02_brake_unit_0,brake_unit,train_02,1376,,,,,1473,18.23506287972428,184.1332466668854,6.032219179992837,1376.0,,,
1783414221.4509602,train_02_traction_motor_0,traction_motor,train_02,420,0.3246585804325168,,,,4631,,,,,72.21261098756175,171.40134245200275,1477.464252531325
1783414221.4509602,train_00_bogie_bearing_0,bogie_bearing,train_00,1338,0.3548860364151473,3.0664583170656408,46.60525784267557,115.65372856163764,1473,,,,,,,
1783414221.4509602,train_00_brake_unit_0,brake_unit,train_00,745,,,,,1959,17.890971498622037,176.8530275332254,6.121025992755253,745.0,,,
1783414221.4509602,train_00_traction_motor_0,traction_motor,train_00,2470,0.30676279400112483,,,,2261,,,,,71.39629622046233,186.39035552640908,1486.0263238337886
1783414221.4509602,train_01_bogie_bearing_0,bogie_bearing,train_01,1204,0.3894842689636389,2.8989799696247065,46.432292694999454,118.70406089801428,1595,,,,,,,
1783414221.4509602,train_01_brake_unit_0,brake_unit,train_01,126,,,,,1536,17.92682090475074,177.10101233873883,6.055630573629829,126.0,,,
1783414221.4509602,train_01_traction_motor_0,traction_motor,train_01,3021,0.37280727586784473,,,,2083,,,,,72.13871809302023,182.86656615427802,1478.6396601301694
1783414221.4509602,train_02_bogie_bearing_0,bogie_bearing,train_02,2350,0.3548699213800745,3.177848774797276,46.69137646597708,116.59136477613762,2724,,,,,,,
1783414221.451972,train_02_brake_unit_0,brake_unit,train_02,1377,,,,,1472,18.330182603786596,186.21213799420053,6.02032768109655,1377.0,,,
1783414221.451972,train_02_traction_motor_0,traction_motor,train_02,421,0.3079495025240639,,,,4630,,,,,69.6880963825854,184.20608410869573,1481.4543016682826
1783414221.451972,train_00_bogie_bearing_0,bogie_bearing,train_00,1339,0.40652413501905166,3.149308780027125,46.01212018712057,122.98199562609993,1472,,,,,,,
1783414221.451972,train_00_brake_unit_0,brake_unit,train_00,746,,,,,1958,17.88911518642736,175.8725095580232,5.872009296273066,746.0,,,
1783414221.451972,train_00_traction_motor_0,traction_motor,train_00,2471,0.33545557980826773,,,,2260,,,,,70.57888895536928,171.93778596148957,1471.2284238942339
1783414221.451972,train_01_bogie_bearing_0,bogie_bearing,train_01,1205,0.3647607610570036,3.0761352835632074,43.85979029375926,125.75482192943693,1594,,,,,,,
1783414221.451972,train_01_brake_unit_0,brake_unit,train_01,127,,,,,1535,18.044088978470803,191.63327085189545,6.121373499946979,127.0,,,
1783414221.451972,train_01_traction_motor_0,traction_motor,train_01,3022,0.3665742499560238,,,,2082,,,,,70.2728880211147,182.85851565790986,1481.1514382947134
1783414221.451972,train_02_bogie_bearing_0,bogie_bearing,train_02,2351,0.4156269398150076,3.04041231768054,47.623547260901844,120.36297025500869,2723,,,,,,,
1783414221.451972,train_02_brake_unit_0,brake_unit,train_02,1378,,,,,1471,18.23493443256333,186.17482675992275,5.9601647677942555,1378.0,,,
1783414221.451972,train_02_traction_motor_0,traction_motor,train_02,422,0.31991094853116697,,,,4629,,,,,70.69178435473391,180.12331284567156,1469.712668328836
1783414221.451972,train_00_bogie_bearing_0,bogie_bearing,train_00,1340,0.36160070370779673,2.880585548351093,45.46790885722853,124.50017568683211,1471,,,,,,,
1783414221.451972,train_00_brake_unit_0,brake_unit,train_00,747,,,,,1957,17.689520242504628,179.26056611911704,5.989834325879922,747.0,,,
1783414221.451972,train_00_traction_motor_0,traction_motor,train_00,2472,0.33651005592553407,,,,2259,,,,,68.51944143935391,185.9234418230431,1484.8086524028863
1783414221.451972,train_01_bogie_bearing_0,bogie_bearing,train_01,1206,0.38042510052151585,3.0731849421243527,46.028800706894955,116.76205472442894,1593,,,,,,,
1783414221.451972,train_01_brake_unit_0,brake_unit,train_01,128,,,,,1534,17.794646355991,181.64631592808644,6.01435895791529,128.0,,,
1783414221.451972,train_01_traction_motor_0,traction_motor,train_01,3023,0.36073646875509513,,,,2081,,,,,71.13031504759982,178.11557368865851,1479.1670985709563
1783414221.451972,train_02_bogie_bearing_0,bogie_bearing,train_02,2352,0.3927941201513252,2.936903123255421,46.03642497718266,115.27408372828472,2722,,,,,,,
1783414221.451972,train_02_brake_unit_0,brake_unit,train_02,1379,,,,,1470,18.088124571219666,187.98934676276377,6.044604703894522,1379.0,,,
1783414221.451972,train_02_traction_motor_0,traction_motor,train_02,423,0.2579970345516549,,,,4628,,,,,70.75032045816762,179.8731607128636,1495.9839556451175
1783414221.4531422,train_00_bogie_bearing_0,bogie_bearing,train_00,1341,0.3916097858004708,3.112315012845768,46.25499383632402,112.01013322844057,1470,,,,,,,
1783414221.4531422,train_00_brake_unit_0,brake_unit,train_00,748,,,,,1956,18.060245398424097,176.64087997622127,6.107832191453711,748.0,,,
1783414221.4531422,train_00_traction_motor_0,traction_motor,train_00,2473,0.319031700369131,,,,2258,,,,,67.80443992129868,172.5580988266721,1479.3376860300823
1783414221.4531422,train_01_bogie_bearing_0,bogie_bearing,train_01,1207,0.3697244771625409,3.1481932344146584,46.45042815221472,119.31844630657555,1592,,,,,,,
1783414221.4531422,train_01_brake_unit_0,brake_unit,train_01,129,,,,,1533,18.093203154379175,182.78138302233288,6.02481241734309,129.0,,,
1783414221.4531422,train_01_traction_motor_0,traction_motor,train_01,3024,0.4134646424688414,,,,2080,,,,,69.41872772625383,178.45425373594054,1487.9925889106562
1783414221.4531422,train_02_bogie_bearing_0,bogie_bearing,train_02,2353,0.3677878042620215,3.203627004683137,45.064038552065426,123.3596904205312,2721,,,,,,,
1783414221.4531422,train_02_brake_unit_0,brake_unit,train_02,1380,,,,,1469,18.16655103048498,188.186462278801,5.999296769416349,1380.0,,,
1783414221.4531422,train_02_traction_motor_0,traction_motor,train_02,424,0.31116571863225717,,,,4627,,,,,68.79739710845327,181.18910702923705,1467.4674035633407
1783414221.4531422,train_00_bogie_bearing_0,bogie_bearing,train_00,1342,0.37872543939266406,3.0211099925553047,43.984442361190496,117.48651556752209,1469,,,,,,,
1783414221.4531422,train_00_brake_unit_0,brake_unit,train_00,749,,,,,1955,18.144551297149896,184.26176636634327,5.991217294171456,749.0,,,
1783414221.4531422,train_00_traction_motor_0,traction_motor,train_00,2474,0.3281289440831996,,,,2257,,,,,70.91721174902726,177.36787550317604,1473.6907879531118
1783414221.4531422,train_01_bogie_bearing_0,bogie_bearing,train_01,1208,0.3550247642212452,3.0566262990735598,45.98234281857916,113.65160679680703,1591,,,,,,,
1783414221.4531422,train_01_brake_unit_0,brake_unit,train_01,130,,,,,1532,17.967634877786566,181.71223278075792,5.999027423259365,130.0,,,
1783414221.4531422,train_01_traction_motor_0,traction_motor,train_01,3025,0.3739804107303287,,,,2079,,,,,69.2740150847379,184.4207416541207,1464.2880993739823
1783414221.4531422,train_02_bogie_bearing_0,bogie_bearing,train_02,2354,0.4102405364134525,3.0367661213903783,45.87563192734519,117.1877236764088,2720,,,,,,,
1783414221.4531422,train_02_brake_unit_0,brake_unit,train_02,1381,,,,,1468,17.939638508372028,169.6490999787925,6.093698817709847,1381.0,,,
1783414221.4531422,train_02_traction_motor_0,traction_motor,train_02,425,0.2724140463077683,,,,4626,,,,,69.31898150434078,175.77268891571515,1478.613195436693
1783414221.4531422,train_00_bogie_bearing_0,bogie_bearing,train_00,1343,0.3980278842007464,3.1030659336706057,45.68217521990365,120.95440316371378,1468,,,,,,,
1783414221.4531422,train_00_brake_unit_0,brake_unit,train_00,750,,,,,1954,17.86880220174435,179.94238517224355,6.093509312351675,750.0,,,
1783414221.4531422,train_00_traction_motor_0,traction_motor,train_00,2475,0.33828190187154417,,,,2256,,,,,68.5757706053755,184.88398166405017,1485.2790604062652
1783414221.4531422,train_01_bogie_bearing_0,bogie_bearing,train_01,1209,0.37402124491766764,3.0021555342668838,45.541566730825686,118.99050350006206,1590,,,,,,,
1783414221.4531422,train_01_brake_unit_0,brake_unit,train_01,131,,,,,1531,18.01242960548902,176.61444085432072,6.042634329867692,131.0,,,
1783414221.4531422,train_01_traction_motor_0,traction_motor,train_01,3026,0.37997473593510694,,,,2078,,,,,68.5037504913726,179.05569310598526,1486.6236156779169
1783414221.4531422,train_02_bogie_bearing_0,bogie_bearing,train_02,2355,0.40174026134427515,3.169698037455772,45.51834224154877,124.52820915365672,2719,,,,,,,
1783414221.4531422,train_02_brake_unit_0,brake_unit,train_02,1382,,,,,1467,18.421825276509193,183.24974149812513,6.104553211641793,1382.0,,,
1783414221.4531422,train_02_traction_motor_0,traction_motor,train_02,426,0.30306266933737963,,,,4625,,,,,68.75613455073152,179.95150275843278,1482.2684733437477
1783414221.4531422,train_00_bogie_bearing_0,bogie_bearing,train_00,1344,0.35527291031570624,3.1553495023456786,45.3705793797951,119.18487255550181,1467,,,,,,,
1783414221.4531422,train_00_brake_unit_0,brake_unit,train_00,751,,,,,1953,18.104518882488062,168.14742261158128,6.0547776791222505,751.0,,,
1783414221.4531422,train_00_traction_motor_0,traction_motor,train_00,2476,0.3422142955250204,,,,2255,,,,,70.7896952914286,184.31948121045582,1479.7870588007502
1783414221.4531422,train_01_bogie_bearing_0,bogie_bearing,train_01,1210,0.36832377357634116,3.1679394590122736,45.79036685753594,118.45748007390735,1589,,,,,,,
1783414221.4531422,train_01_brake_unit_0,brake_unit,train_01,132,,,,,1530,17.7655780129383,181.94728032820356,5.859280201036975,132.0,,,
1783414221.4531422,train_01_traction_motor_0,traction_motor,train_01,3027,0.42133620965749286,,,,2077,,,,,71.36379651524167,178.03772376911823,1481.1858989171117
1783414221.4531422,train_02_bogie_bearing_0,bogie_bearing,train_02,2356,0.410386099573713,2.9826049473675598,45.550380881658135,120.00799742566035,2718,,,,,,,
1783414221.4531422,train_02_brake_unit_0,brake_unit,train_02,1383,,,,,1466,18.078938378275826,180.93145131404793,5.890529854345218,1383.0,,,
1783414221.4531422,train_02_traction_motor_0,traction_motor,train_02,427,0.2955965320606725,,,,4624,,,,,70.67733656057558,175.15748224303746,1487.9122072749994
1783414221.4531422,train_00_bogie_bearing_0,bogie_bearing,train_00,1345,0.3761661221794691,3.0300634183640347,43.86260224126717,115.89835948888839,1466,,,,,,,
1783414221.4531422,train_00_brake_unit_0,brake_unit,train_00,752,,,,,1952,18.213445376144342,177.02134995283,6.054135318176533,752.0,,,
1783414221.4531422,train_00_traction_motor_0,traction_motor,train_00,2477,0.3418385210389773,,,,2254,,,,,71.08252365394367,183.4312867290392,1476.939684687393
1783414221.4531422,train_01_bogie_bearing_0,bogie_bearing,train_01,1211,0.37543190754017647,2.9025721065440253,44.72291631655967,115.00376011728778,1588,,,,,,,
1783414221.4531422,train_01_brake_unit_0,brake_unit,train_01,133,,,,,1529,17.930804354946584,191.8780545976969,5.861049790356559,133.0,,,
1783414221.4531422,train_01_traction_motor_0,traction_motor,train_01,3028,0.3638319772783516,,,,2076,,,,,69.48057052974612,181.76425849431263,1463.4070291124422
1783414221.4531422,train_02_bogie_bearing_0,bogie_bearing,train_02,2357,0.42467166835999204,3.006961197469582,45.58671427747076,124.0996867725016,2717,,,,,,,
1783414221.4531422,train_02_brake_unit_0,brake_unit,train_02,1384,,,,,1465,18.097080546079557,170.00300228908583,6.069701714987526,1384.0,,,
1783414221.4531422,train_02_traction_motor_0,traction_motor,train_02,428,0.30267787616731645,,,,4623,,,,,68.48329602685489,178.25161241979532,1475.7765711863965
1783414221.4531422,train_00_bogie_bearing_0,bogie_bearing,train_00,1346,0.3640281391654044,3.163011224881492,43.96656193859482,117.34919436657894,1465,,,,,,,
1783414221.4531422,train_00_brake_unit_0,brake_unit,train_00,753,,,,,1951,18.198406498286644,180.70779459277932,5.927687911163932,753.0,,,
1783414221.4531422,train_00_traction_motor_0,traction_motor,train_00,2478,0.3454857519313418,,,,2253,,,,,70.82161072413274,180.54075607084118,1480.9733931769051
1783414221.4531422,train_01_bogie_bearing_0,bogie_bearing,train_01,1212,0.34977860234724634,2.9892320358696978,46.17014349202298,114.52666280979552,1587,,,,,,,
1783414221.4531422,train_01_brake_unit_0,brake_unit,train_01,134,,,,,1528,17.87772172144008,180.56188822765833,5.9689778265902245,134.0,,,
1783414221.4531422,train_01_traction_motor_0,traction_motor,train_01,3029,0.34756691361940434,,,,2075,,,,,71.93401300070502,183.35555634274925,1475.8155936117657
1783414221.4531422,train_02_bogie_bearing_0,bogie_bearing,train_02,2358,0.39294518339902207,3.003209262308243,46.220255843080814,116.90195975394641,2716,,,,,,,
1783414221.4531422,train_02_brake_unit_0,brake_unit,train_02,1385,,,,,1464,18.086254192540384,178.5571299575193,6.106406307101086,1385.0,,,
1783414221.4531422,train_02_traction_motor_0,traction_motor,train_02,429,0.3454998524885005,,,,4622,,,,,72.56725406482177,176.91052105712143,1480.567361247996
1783414221.4531422,train_00_bogie_bearing_0,bogie_bearing,train_00,1347,0.3753532884596389,2.9954280447095822,44.308071974206406,115.79245090840635,1464,,,,,,,
1783414221.4531422,train_00_brake_unit_0,brake_unit,train_00,754,,,,,1950,17.846916909415746,184.43131983699095,5.92952218422397,754.0,,,
1783414221.4531422,train_00_traction_motor_0,traction_motor,train_00,2479,0.34624459386734935,,,,2252,,,,,70.03571806719673,176.92859901076568,1494.8706679112668
1783414221.4531422,train_01_bogie_bearing_0,bogie_bearing,train_01,1213,0.3846379561951756,2.90631922909412,45.4669136525501,115.51427581593099,1586,,,,,,,
1783414221.4531422,train_01_brake_unit_0,brake_unit,train_01,135,,,,,1527,18.122079481282405,180.4824472287219,5.805159974090657,135.0,,,
1783414221.4531422,train_01_traction_motor_0,traction_motor,train_01,3030,0.3981637662713914,,,,2074,,,,,72.20742044071457,184.67125656969327,1469.2795166848937
1783414221.455454,train_02_bogie_bearing_0,bogie_bearing,train_02,2359,0.40703446283838773,2.8866295270256743,45.319989757026136,121.09536959323383,2715,,,,,,,
1783414221.455454,train_02_brake_unit_0,brake_unit,train_02,1386,,,,,1463,17.907371924704837,179.76048097224398,5.9923351858811005,1386.0,,,
1783414221.455454,train_02_traction_motor_0,traction_motor,train_02,430,0.29128775660637507,,,,4621,,,,,69.1571474020861,179.88357205607187,1483.543673194427
1783414221.455454,train_00_bogie_bearing_0,bogie_bearing,train_00,1348,0.3828223050537781,3.0678286661413576,43.445291963579265,121.90814050890583,1463,,,,,,,
1783414221.455454,train_00_brake_unit_0,brake_unit,train_00,755,,,,,1949,18.035500448421985,185.02526968371492,5.846729399539375,755.0,,,
1783414221.455454,train_00_traction_motor_0,traction_motor,train_00,2480,0.3447309553622739,,,,2251,,,,,71.12459905719871,181.32640887439115,1477.5268004658435
1783414221.455454,train_01_bogie_bearing_0,bogie_bearing,train_01,1214,0.39743406923188446,3.0895143613552416,44.99614736634597,111.56924244954239,1585,,,,,,,
1783414221.455454,train_01_brake_unit_0,brake_unit,train_01,136,,,,,1526,18.18397526359191,183.22816178736443,5.929700202176526,136.0,,,
1783414221.455454,train_01_traction_motor_0,traction_motor,train_01,3031,0.40518567577242587,,,,2073,,,,,72.46821605220377,178.7172947876151,1480.2068001640953
1783414221.455454,train_02_bogie_bearing_0,bogie_bearing,train_02,2360,0.38792778717270193,2.9408095051433563,45.74300544345473,122.31464653526066,2714,,,,,,,
1783414221.455454,train_02_brake_unit_0,brake_unit,train_02,1387,,,,,1462,18.218621445472934,180.0990982895409,6.136830685496879,1387.0,,,
1783414221.455454,train_02_traction_motor_0,traction_motor,train_02,431,0.3003687460257775,,,,4620,,,,,69.12138987923295,182.6395718241068,1468.02507925075
1783414221.455454,train_00_bogie_bearing_0,bogie_bearing,train_00,1349,0.3503708476780922,3.0620201194293077,44.24888541344333,118.46179955992834,1462,,,,,,,
1783414221.4559748,train_00_brake_unit_0,brake_unit,train_00,756,,,,,1948,17.93343711843,181.3789240628225,5.979019820034605,756.0,,,
1783414221.4559748,train_00_traction_motor_0,traction_motor,train_00,2481,0.33110376781845724,,,,2250,,,,,71.42768549237121,180.31118004419773,1489.5756501383626
1783414221.4559748,train_01_bogie_bearing_0,bogie_bearing,train_01,1215,0.35092389711562766,3.1067948607894955,44.173095969266,125.65005227984402,1584,,,,,,,
1783414221.4559748,train_01_brake_unit_0,brake_unit,train_01,137,,,,,1525,18.04421471034649,180.79165338437144,5.98335060841368,137.0,,,
1783414221.4559748,train_01_traction_motor_0,traction_motor,train_01,3032,0.37882414971121026,,,,2072,,,,,70.62289925964528,183.9633076868022,1477.5268045326611
1783414221.4559748,train_02_bogie_bearing_0,bogie_bearing,train_02,2361,0.3629477751820513,2.9461742750967264,43.500489374241894,122.91931515606211,2713,,,,,,,
1783414221.4559748,train_02_brake_unit_0,brake_unit,train_02,1388,,,,,1461,18.399971680953282,173.26587010261295,6.076605607667769,1388.0,,,
1783414221.4559748,train_02_traction_motor_0,traction_motor,train_02,432,0.30217902528698337,,,,4619,,,,,69.31717261234172,173.97904951438565,1482.1379823440125
1783414221.4559748,train_00_bogie_bearing_0,bogie_bearing,train_00,1350,0.3952285106309129,2.9027880081706585,45.91103510191226,124.09805070170675,1461,,,,,,,
1783414221.4559748,train_00_brake_unit_0,brake_unit,train_00,757,,,,,1947,17.85925260704007,169.44331724413735,5.981666016699149,757.0,,,
1783414221.4559748,train_00_traction_motor_0,traction_motor,train_00,2482,0.35407206413673603,,,,2249,,,,,68.38956593391757,179.46848320005137,1472.6217038493062
1783414221.4559748,train_01_bogie_bearing_0,bogie_bearing,train_01,1216,0.4003712676918003,3.1016439471086765,45.12841301808373,122.47642007385942,1583,,,,,,,
1783414221.4559748,train_01_brake_unit_0,brake_unit,train_01,138,,,,,1524,18.005603564251103,180.74222202099773,5.962487884234307,138.0,,,
1783414221.4559748,train_01_traction_motor_0,traction_motor,train_01,3033,0.38441271126368926,,,,2071,,,,,70.01006363566324,183.00496353474236,1458.6868017846464
1783414221.4559748,train_02_bogie_bearing_0,bogie_bearing,train_02,2362,0.3259380044536614,2.991096034245411,46.35472888926415,118.73085309899024,2712,,,,,,,
1783414221.4559748,train_02_brake_unit_0,brake_unit,train_02,1389,,,,,1460,18.02260154559322,186.5344945179835,5.864945848041181,1389.0,,,
1783414221.4559748,train_02_traction_motor_0,traction_motor,train_02,433,0.2763032158300225,,,,4618,,,,,69.91975107205496,178.2534024637987,1471.866326792247
1783414221.4559748,train_00_bogie_bearing_0,bogie_bearing,train_00,1351,0.40599501776105207,2.887150260277817,44.965572716889554,116.54725735062289,1460,,,,,,,
1783414221.4559748,train_00_brake_unit_0,brake_unit,train_00,758,,,,,1946,17.827398955560184,188.2454991980187,6.0003278031665594,758.0,,,
1783414221.4559748,train_00_traction_motor_0,traction_motor,train_00,2483,0.3290486576055505,,,,2248,,,,,69.70128699886435,176.99579996524292,1481.9880976347772
1783414221.4559748,train_01_bogie_bearing_0,bogie_bearing,train_01,1217,0.3354200845631776,3.00350007968367,43.45631709588516,116.99135652772992,1582,,,,,,,
1783414221.4559748,train_01_brake_unit_0,brake_unit,train_01,139,,,,,1523,17.870082035145323,190.01054885256974,6.004589369968485,139.0,,,
1783414221.4559748,train_01_traction_motor_0,traction_motor,train_01,3034,0.36124072279872155,,,,2070,,,,,68.51776596071433,181.997180352942,1473.830677391372
1783414221.4559748,train_02_bogie_bearing_0,bogie_bearing,train_02,2363,0.36289236701277927,3.0241438131717677,44.74382602726373,120.65728263752766,2711,,,,,,,
1783414221.4559748,train_02_brake_unit_0,brake_unit,train_02,1390,,,,,1459,18.146518961322574,180.22299708148418,5.959964279947018,1390.0,,,
1783414221.4559748,train_02_traction_motor_0,traction_motor,train_02,434,0.2983798941562327,,,,4617,,,,,70.36000349732221,178.7113917825468,1486.376502418559
1783414221.4559748,train_00_bogie_bearing_0,bogie_bearing,train_00,1352,0.3853234265824165,3.0696938206158633,47.06674179313992,114.63857516791518,1459,,,,,,,
1783414221.4559748,train_00_brake_unit_0,brake_unit,train_00,759,,,,,1945,17.746061340179917,181.31164339888537,6.129010327645262,759.0,,,
1783414221.4559748,train_00_traction_motor_0,traction_motor,train_00,2484,0.3339414887478927,,,,2247,,,,,70.9742406788726,180.91405938553757,1479.214874152881
1783414221.4559748,train_01_bogie_bearing_0,bogie_bearing,train_01,1218,0.3733123218747794,3.0614235934687537,44.492692165257544,116.77487271726126,1581,,,,,,,
1783414221.4559748,train_01_brake_unit_0,brake_unit,train_01,140,,,,,1522,18.059389835034214,182.73247441824188,6.018610943651009,140.0,,,
1783414221.4559748,train_01_traction_motor_0,traction_motor,train_01,3035,0.3822640363617783,,,,2069,,,,,71.31581673585119,182.26467259717566,1481.2974203250487
1783414221.4559748,train_02_bogie_bearing_0,bogie_bearing,train_02,2364,0.4312850661171133,3.0076649217307563,44.664497412105234,121.73603929380043,2710,,,,,,,
1783414221.4559748,train_02_brake_unit_0,brake_unit,train_02,1391,,,,,1458,17.97692631163001,187.02072910110536,6.011228938349089,1391.0,,,
1783414221.4559748,train_02_traction_motor_0,traction_motor,train_02,435,0.3126667399845843,,,,4616,,,,,71.78561389850496,176.209159997841,1494.2216416825888
1783414221.4559748,train_00_bogie_bearing_0,bogie_bearing,train_00,1353,0.39136462090826046,3.218405513734694,45.53044549115787,119.88766769958387,1458,,,,,,,
1783414221.4559748,train_00_brake_unit_0,brake_unit,train_00,760,,,,,1944,18.117438134144294,182.60921909848165,6.004190468016,760.0,,,
1783414221.4559748,train_00_traction_motor_0,traction_motor,train_00,2485,0.3438240445553563,,,,2246,,,,,70.914304194645,176.82175923053555,1469.4587744695136
1783414221.4559748,train_01_bogie_bearing_0,bogie_bearing,train_01,1219,0.3271546873918312,3.0622445579716473,44.78256385021819,125.23298642751963,1580,,,,,,,
1783414221.4559748,train_01_brake_unit_0,brake_unit,train_01,141,,,,,1521,18.09972058853636,178.02141546680036,6.009179647918749,141.0,,,
1783414221.4559748,train_01_traction_motor_0,traction_motor,train_01,3036,0.39445889145373647,,,,2068,,,,,70.4918358717549,178.37395716438542,1484.3893189340245
1783414221.4559748,train_02_bogie_bearing_0,bogie_bearing,train_02,2365,0.4002585509025844,3.2445842034832237,44.56743390649985,114.48340299460565,2709,,,,,,,
1783414221.4559748,train_02_brake_unit_0,brake_unit,train_02,1392,,,,,1457,18.2872046077474,183.9006513420854,6.0269943550483065,1392.0,,,
1783414221.4559748,train_02_traction_motor_0,traction_motor,train_02,436,0.2756601933713617,,,,4615,,,,,71.15275553651769,183.4796540003011,1502.8637152648744
1783414221.4559748,train_00_bogie_bearing_0,bogie_bearing,train_00,1354,0.3927556834674335,3.1178536347683274,44.8792828636204,112.75914671565273,1457,,,,,,,
1783414221.4559748,train_00_brake_unit_0,brake_unit,train_00,761,,,,,1943,17.866350199500776,172.99211076041684,6.140817243926211,761.0,,,
1783414221.4559748,train_00_traction_motor_0,traction_motor,train_00,2486,0.33910921370821073,,,,2245,,,,,71.29004870520495,180.30483513470853,1488.9515780309728
1783414221.4559748,train_01_bogie_bearing_0,bogie_bearing,train_01,1220,0.38988914646607953,3.0222213812234773,44.91923342806782,114.37234333759255,1579,,,,,,,
1783414221.4580598,train_01_brake_unit_0,brake_unit,train_01,142,,,,,1520,17.961580788364557,180.28859651140004,5.897191104415748,142.0,,,
1783414221.4580598,train_01_traction_motor_0,traction_motor,train_01,3037,0.3315117540252007,,,,2067,,,,,71.26795475136012,178.6115699151322,1485.2935269902398
1783414221.4580598,train_02_bogie_bearing_0,bogie_bearing,train_02,2366,0.3640401622940996,3.0688643202243946,46.35377919520061,123.1082918359636,2708,,,,,,,
1783414221.4580598,train_02_brake_unit_0,brake_unit,train_02,1393,,,,,1456,18.118436098122768,178.26802166673804,6.056288837144914,1393.0,,,
1783414221.4580598,train_02_traction_motor_0,traction_motor,train_02,437,0.30279283045026084,,,,4614,,,,,70.94657755305072,182.45911647263938,1480.7609771960572
1783414221.4580598,train_00_bogie_bearing_0,bogie_bearing,train_00,1355,0.4092081232417192,2.9792497195980703,43.564995844507706,126.17397142405821,1456,,,,,,,
1783414221.4580598,train_00_brake_unit_0,brake_unit,train_00,762,,,,,1942,17.773235883033433,176.6589682690903,6.064790820125371,762.0,,,
1783414221.4580598,train_00_traction_motor_0,traction_motor,train_00,2487,0.37337703770638475,,,,2244,,,,,69.95353469715967,177.6828549335781,1474.8518476970555
1783414221.4580598,train_01_bogie_bearing_0,bogie_bearing,train_01,1221,0.38716737530662554,3.0915746986705703,46.173365514797055,120.79431448272607,1578,,,,,,,
1783414221.4580598,train_01_brake_unit_0,brake_unit,train_01,143,,,,,1519,17.961951045344467,180.31973477299655,6.008685977828464,143.0,,,
1783414221.4580598,train_01_traction_motor_0,traction_motor,train_01,3038,0.38583909262865423,,,,2066,,,,,72.3477943771203,181.49149062669613,1475.565251547465
1783414221.4580598,train_02_bogie_bearing_0,bogie_bearing,train_02,2367,0.3866092368642508,3.072417575927271,47.5383966693026,117.90490888583506,2707,,,,,,,
1783414221.4580598,train_02_brake_unit_0,brake_unit,train_02,1394,,,,,1455,18.34939732369259,181.90846967254151,6.205940410894368,1394.0,,,
1783414221.4580598,train_02_traction_motor_0,traction_motor,train_02,438,0.2841803094566067,,,,4613,,,,,70.48862240275567,178.94826987374225,1481.9957374019314
1783414221.4580598,train_00_bogie_bearing_0,bogie_bearing,train_00,1356,0.39828551951327196,3.185773803266046,45.279174178985905,118.67132588064398,1455,,,,,,,
1783414221.4580598,train_00_brake_unit_0,brake_unit,train_00,763,,,,,1941,18.089669061482972,176.63159287560725,5.947512240426821,763.0,,,
1783414221.4580598,train_00_traction_motor_0,traction_motor,train_00,2488,0.338141693028545,,,,2243,,,,,72.12759192515989,181.20807358854054,1480.7309098468504
1783414221.4580598,train_01_bogie_bearing_0,bogie_bearing,train_01,1222,0.3625065991594213,2.934502029981558,45.487167673405715,122.40383713879959,1577,,,,,,,
1783414221.4580598,train_01_brake_unit_0,brake_unit,train_01,144,,,,,1518,17.879431980929418,183.3937995126621,5.940576129861752,144.0,,,
1783414221.4580598,train_01_traction_motor_0,traction_motor,train_01,3039,0.4008637554947747,,,,2065,,,,,69.77471543939913,183.2610025962045,1486.8810539651147
1783414221.4580598,train_02_bogie_bearing_0,bogie_bearing,train_02,2368,0.4434785819468563,2.8822568138691014,44.59399482074862,117.5352996633019,2706,,,,,,,
1783414221.4580598,train_02_brake_unit_0,brake_unit,train_02,1395,,,,,1454,18.02798714385188,179.92391941216644,5.921634165876091,1395.0,,,
1783414221.4580598,train_02_traction_motor_0,traction_motor,train_02,439,0.3097780727309425,,,,4612,,,,,70.08005315498312,181.52604898101782,1484.8283502665681
1783414221.4580598,train_00_bogie_bearing_0,bogie_bearing,train_00,1357,0.4344387085258172,3.083465740895558,43.51265668017113,115.99049701693514,1454,,,,,,,
1783414221.4580598,train_00_brake_unit_0,brake_unit,train_00,764,,,,,1940,18.03325862090789,179.62091207874727,5.965591786821562,764.0,,,
1783414221.4580598,train_00_traction_motor_0,traction_motor,train_00,2489,0.36002114355203807,,,,2242,,,,,71.5473248435285,178.03403728750297,1473.2477274963458
1783414221.4580598,train_01_bogie_bearing_0,bogie_bearing,train_01,1223,0.3829850239988791,2.856547245011175,45.08330798791685,120.05628833149402,1576,,,,,,,
1783414221.4580598,train_01_brake_unit_0,brake_unit,train_01,145,,,,,1517,17.87885933157399,177.30883329108926,5.985938053856775,145.0,,,
1783414221.4580598,train_01_traction_motor_0,traction_motor,train_01,3040,0.3965622670696162,,,,2064,,,,,72.09949646653992,180.47959579252006,1478.3947088757297
1783414221.4580598,train_02_bogie_bearing_0,bogie_bearing,train_02,2369,0.3994985723053041,3.009839490927093,46.12326556604731,123.9183413646239,2705,,,,,,,
1783414221.4580598,train_02_brake_unit_0,brake_unit,train_02,1396,,,,,1453,18.456870536070703,177.0938373071733,6.020124096752873,1396.0,,,
1783414221.4580598,train_02_traction_motor_0,traction_motor,train_02,440,0.2871733210506571,,,,4611,,,,,69.855412501974,175.54619725290425,1480.7457604621281
1783414221.4580598,train_00_bogie_bearing_0,bogie_bearing,train_00,1358,0.3938481910083633,2.980778962106416,44.27648738088254,120.93719344150759,1453,,,,,,,
1783414221.4580598,train_00_brake_unit_0,brake_unit,train_00,765,,,,,1939,18.117676101206243,191.1601973733989,6.0252615430476775,765.0,,,
1783414221.4580598,train_00_traction_motor_0,traction_motor,train_00,2490,0.3198310641519066,,,,2241,,,,,69.10862275837728,185.57701948509515,1473.8549584776963
1783414221.4580598,train_01_bogie_bearing_0,bogie_bearing,train_01,1224,0.37882649925424833,3.0332785839173746,44.361854901401166,118.7801071251476,1575,,,,,,,
1783414221.4580598,train_01_brake_unit_0,brake_unit,train_01,146,,,,,1516,17.87998695405831,173.03828254354224,6.075496089210291,146.0,,,
1783414221.4580598,train_01_traction_motor_0,traction_motor,train_01,3041,0.3434065022425191,,,,2063,,,,,70.26319683710747,179.13067252277628,1481.6091783933437
1783414221.4580598,train_02_bogie_bearing_0,bogie_bearing,train_02,2370,0.36660618414518487,3.0448877599096784,46.00851808527506,110.47493063951232,2704,,,,,,,
1783414221.4580598,train_02_brake_unit_0,brake_unit,train_02,1397,,,,,1452,18.0132537377759,183.08963739433617,6.038796784329547,1397.0,,,
1783414221.4580598,train_02_traction_motor_0,traction_motor,train_02,441,0.2526138545528528,,,,4610,,,,,70.82892668659524,177.64856524739477,1481.1099955181205
1783414221.4580598,train_00_bogie_bearing_0,bogie_bearing,train_00,1359,0.4017932808286174,3.1392810359005163,45.98560411351434,119.14290022978214,1452,,,,,,,
1783414221.4580598,train_00_brake_unit_0,brake_unit,train_00,766,,,,,1938,17.962587364403372,182.31366237868176,5.9158551749691215,766.0,,,
1783414221.4580598,train_00_traction_motor_0,traction_motor,train_00,2491,0.34817668848358085,,,,2240,,,,,72.08867049750015,171.63846674574762,1471.0200026153327
1783414221.4600716,train_01_bogie_bearing_0,bogie_bearing,train_01,1225,0.36876151502285004,2.8440032075205544,46.500356949769355,120.05342236617469,1574,,,,,,,
1783414221.4600716,train_01_brake_unit_0,brake_unit,train_01,147,,,,,1515,18.042448149194424,182.29957829039725,6.029131174608313,147.0,,,
1783414221.4600716,train_01_traction_motor_0,traction_motor,train_01,3042,0.39457481425342517,,,,2062,,,,,74.61178842906071,176.62543091072232,1485.6229654186195
1783414221.4600716,train_02_bogie_bearing_0,bogie_bearing,train_02,2371,0.4114480622048275,3.0107595675142393,46.49881985656406,123.71096959820483,2703,,,,,,,
1783414221.4600716,train_02_brake_unit_0,brake_unit,train_02,1398,,,,,1451,18.07862114398581,178.89640765117102,5.994622616565512,1398.0,,,
1783414221.4600716,train_02_traction_motor_0,traction_motor,train_02,442,0.24490724416738857,,,,4609,,,,,68.66752632982288,178.6988243839372,1482.9592486852591
1783414221.4600716,train_00_bogie_bearing_0,bogie_bearing,train_00,1360,0.4310616993057127,3.061843403607487,46.66919044478351,121.04568165091987,1451,,,,,,,
1783414221.4600716,train_00_brake_unit_0,brake_unit,train_00,767,,,,,1937,18.072921899043425,187.0766906541682,6.007578714605931,767.0,,,
1783414221.4600716,train_00_traction_motor_0,traction_motor,train_00,2492,0.3399438752986234,,,,2239,,,,,71.27669733508459,182.0460303106135,1499.1217150003406
1783414221.4600716,train_01_bogie_bearing_0,bogie_bearing,train_01,1226,0.38816555912674866,3.1683154111864926,46.40611275656646,120.04686567087747,1573,,,,,,,
1783414221.4600716,train_01_brake_unit_0,brake_unit,train_01,148,,,,,1514,18.07842837555567,168.90955085257275,6.117687273751138,148.0,,,
1783414221.4600716,train_01_traction_motor_0,traction_motor,train_01,3043,0.35721745534408733,,,,2061,,,,,72.69682409061242,176.71083536387633,1484.138571748794
1783414221.4600716,train_02_bogie_bearing_0,bogie_bearing,train_02,2372,0.3776195248442264,3.0619666157409475,48.10181393995521,123.33810218947623,2702,,,,,,,
1783414221.4600716,train_02_brake_unit_0,brake_unit,train_02,1399,,,,,1450,18.318213179050883,188.83448055914505,6.003956530699728,1399.0,,,
1783414221.4600716,train_02_traction_motor_0,traction_motor,train_02,443,0.3163965633344413,,,,4608,,,,,69.71969567308548,177.09354152619136,1478.5934864633903
1783414221.4600716,train_00_bogie_bearing_0,bogie_bearing,train_00,1361,0.42250793527889113,3.1356133447435544,46.030713390662065,122.48640525248389,1450,,,,,,,
1783414221.4600716,train_00_brake_unit_0,brake_unit,train_00,768,,,,,1936,18.06079559130186,174.3077932142589,5.828200856592228,768.0,,,
1783414221.4600716,train_00_traction_motor_0,traction_motor,train_00,2493,0.3699652109949109,,,,2238,,,,,71.21430228755554,185.54636962327262,1493.8085311425298
1783414221.4600716,train_01_bogie_bearing_0,bogie_bearing,train_01,1227,0.3728151485889733,3.0906912142852363,47.79851583209904,125.92039681485566,1572,,,,,,,
1783414221.4600716,train_01_brake_unit_0,brake_unit,train_01,149,,,,,1513,17.94277361833926,175.59106543176176,6.063206811837824,149.0,,,
1783414221.4600716,train_01_traction_motor_0,traction_motor,train_01,3044,0.37306925553540443,,,,2060,,,,,70.84133115900251,186.14900562219466,1479.217825608562
1783414221.4600716,train_02_bogie_bearing_0,bogie_bearing,train_02,2373,0.3975956025714796,2.983678828429936,45.3775123603148,119.65318119663151,2701,,,,,,,
1783414221.4600716,train_02_brake_unit_0,brake_unit,train_02,1400,,,,,1449,18.310676136373704,173.77661347653148,5.977851366914251,1400.0,,,
1783414221.4600716,train_02_traction_motor_0,traction_motor,train_02,444,0.26798681477441644,,,,4607,,,,,69.0814652067987,182.00862873813048,1488.9892011060726
1783414221.4600716,train_00_bogie_bearing_0,bogie_bearing,train_00,1362,0.35336397873036296,3.1314268185266725,43.72029864268526,121.23519710739266,1449,,,,,,,
1783414221.4600716,train_00_brake_unit_0,brake_unit,train_00,769,,,,,1935,17.857313108525375,178.0251174250297,5.988465095624861,769.0,,,
1783414221.4600716,train_00_traction_motor_0,traction_motor,train_00,2494,0.33692896703772396,,,,2237,,,,,71.61249237697795,183.77421542605003,1483.4998495416996
1783414221.4600716,train_01_bogie_bearing_0,bogie_bearing,train_01,1228,0.36262603771347945,2.8780287063668637,45.55809777956436,118.58164981099456,1571,,,,,,,
1783414221.4600716,train_01_brake_unit_0,brake_unit,train_01,150,,,,,1512,17.92060369548465,175.5020368017257,6.126150300013659,150.0,,,
1783414221.4600716,train_01_traction_motor_0,traction_motor,train_01,3045,0.39766948984997214,,,,2059,,,,,69.03863443429665,185.44247305398932,1476.098411862591
1783414221.4600716,train_02_bogie_bearing_0,bogie_bearing,train_02,2374,0.399887858853763,2.82095166448075,43.47419159158995,118.87706639659716,2700,,,,,,,
1783414221.4600716,train_02_brake_unit_0,brake_unit,train_02,1401,,,,,1448,18.12726910538549,181.94939859825453,6.109966003666171,1401.0,,,
1783414221.4600716,train_02_traction_motor_0,traction_motor,train_02,445,0.2998273192935305,,,,4606,,,,,69.13733723658979,185.46914845981397,1467.8268799921466
1783414221.4600716,train_00_bogie_bearing_0,bogie_bearing,train_00,1363,0.3723283870085704,3.071239661932881,45.13858361024076,116.16795359719508,1448,,,,,,,
1783414221.4600716,train_00_brake_unit_0,brake_unit,train_00,770,,,,,1934,17.780019412173317,175.32011204252447,6.025254771551178,770.0,,,
1783414221.4600716,train_00_traction_motor_0,traction_motor,train_00,2495,0.34732315273114617,,,,2236,,,,,70.53595530179764,182.54844746353643,1473.4794377128915
1783414221.4600716,train_01_bogie_bearing_0,bogie_bearing,train_01,1229,0.39641628197046574,3.3032618013454282,44.89201563113034,118.16767279332748,1570,,,,,,,
1783414221.4600716,train_01_brake_unit_0,brake_unit,train_01,151,,,,,1511,18.123845924030114,177.3319164733161,5.967845015714925,151.0,,,
1783414221.4600716,train_01_traction_motor_0,traction_motor,train_01,3046,0.3673648459954958,,,,2058,,,,,69.96096154864931,181.6428787703925,1490.0286601810087
1783414221.4600716,train_02_bogie_bearing_0,bogie_bearing,train_02,2375,0.35077197613632066,2.8620826323580846,44.07647680273078,114.74732912720025,2699,,,,,,,
1783414221.4600716,train_02_brake_unit_0,brake_unit,train_02,1402,,,,,1447,18.014801333623115,177.93472537586467,5.957386464867712,1402.0,,,
1783414221.4600716,train_02_traction_motor_0,traction_motor,train_02,446,0.3134041153596948,,,,4605,,,,,71.98638409955194,180.05139121984774,1476.316294216383
1783414221.4600716,train_00_bogie_bearing_0,bogie_bearing,train_00,1364,0.3993637011586016,3.1195722955631755,44.474603670324065,120.14592302245693,1447,,,,,,,
1783414221.4600716,train_00_brake_unit_0,brake_unit,train_00,771,,,,,1933,18.063300885457277,184.04732484353104,5.980748891632698,771.0,,,
1783414221.4600716,train_00_traction_motor_0,traction_motor,train_00,2496,0.35034033293531747,,,,2235,,,,,69.40982567522039,180.72873529871583,1480.4519329685231
1783414221.4600716,train_01_bogie_bearing_0,bogie_bearing,train_01,1230,0.3822563042599821,3.127816165288931,46.64661305466575,119.99099902198337,1569,,,,,,,
1783414221.4600716,train_01_brake_unit_0,brake_unit,train_01,152,,,,,1510,17.895734888361865,183.8372767408953,5.939140671124029,152.0,,,
1783414221.4600716,train_01_traction_motor_0,traction_motor,train_01,3047,0.3732394232911007,,,,2057,,,,,74.5199788328028,174.7983895466783,1477.6794465626922
1783414221.4600716,train_02_bogie_bearing_0,bogie_bearing,train_02,2376,0.39873778881776656,3.0787145785493055,46.345063472716106,121.93781375699369,2698,,,,,,,
1783414221.4600716,train_02_brake_unit_0,brake_unit,train_02,1403,,,,,1446,18.331552817599537,189.06079675945347,6.04806761332275,1403.0,,,
1783414221.4600716,train_02_traction_motor_0,traction_motor,train_02,447,0.28813706214871737,,,,4604,,,,,69.54195472823332,185.12332616452778,1481.7341722754877
1783414221.4600716,train_00_bogie_bearing_0,bogie_bearing,train_00,1365,0.3953979139506157,3.002667168711415,45.39422497885373,125.74397607107086,1446,,,,,,,
1783414221.4600716,train_00_brake_unit_0,brake_unit,train_00,772,,,,,1932,17.774950809354994,179.16131609197848,6.145750681747834,772.0,,,
1783414221.4600716,train_00_traction_motor_0,traction_motor,train_00,2497,0.3417863227426039,,,,2234,,,,,71.54806035032455,175.43605956079023,1496.4006345373693
1783414221.4600716,train_01_bogie_bearing_0,bogie_bearing,train_01,1231,0.37879892956109534,3.0059999217308664,46.351987525660945,117.83206639909523,1568,,,,,,,
1783414221.4600716,train_01_brake_unit_0,brake_unit,train_01,153,,,,,1509,18.082349115835914,181.23105829976635,6.0117431667245755,153.0,,,
1783414221.4600716,train_01_traction_motor_0,traction_motor,train_01,3048,0.35847996646172153,,,,2056,,,,,72.77415963878278,176.51216685775952,1486.9824343405148
1783414221.4600716,train_02_bogie_bearing_0,bogie_bearing,train_02,2377,0.39733773717038895,3.094676999990595,45.016360640592396,123.1499308175421,2697,,,,,,,
1783414221.4600716,train_02_brake_unit_0,brake_unit,train_02,1404,,,,,1445,18.121079315655532,179.8966410620566,6.181065810879847,1404.0,,,
1783414221.4620829,train_02_traction_motor_0,traction_motor,train_02,448,0.26658518965359107,,,,4603,,,,,70.75234530972202,179.67834358877772,1476.5355455243866
1783414221.4620829,train_00_bogie_bearing_0,bogie_bearing,train_00,1366,0.40081847582621155,3.023478656662975,43.285059050452475,123.35827236309702,1445,,,,,,,
1783414221.4620829,train_00_brake_unit_0,brake_unit,train_00,773,,,,,1931,18.255318772658896,182.03328311311546,6.006864663217611,773.0,,,
1783414221.4620829,train_00_traction_motor_0,traction_motor,train_00,2498,0.36880446981972353,,,,2233,,,,,73.25751099240897,178.01417075262353,1482.8689341646887
1783414221.4620829,train_01_bogie_bearing_0,bogie_bearing,train_01,1232,0.344092030340541,3.090199451274771,47.543387984183724,122.55974466320316,1567,,,,,,,
1783414221.4620829,train_01_brake_unit_0,brake_unit,train_01,154,,,,,1508,18.028477187991122,179.64170821861953,6.03060570905366,154.0,,,
1783414221.4620829,train_01_traction_motor_0,traction_motor,train_01,3049,0.40121878329100696,,,,2055,,,,,69.76172095786055,185.49689415855627,1474.1409501702362
1783414221.4620829,train_02_bogie_bearing_0,bogie_bearing,train_02,2378,0.38605044909011865,3.087966069737956,45.79762621624077,123.97740187249727,2696,,,,,,,
1783414221.4620829,train_02_brake_unit_0,brake_unit,train_02,1405,,,,,1444,18.406178909840524,183.00697377788887,6.069400202852086,1405.0,,,
1783414221.4620829,train_02_traction_motor_0,traction_motor,train_02,449,0.3095650215251166,,,,4602,,,,,73.24066956475527,182.14205633169016,1467.13910959379
1783414221.4620829,train_00_bogie_bearing_0,bogie_bearing,train_00,1367,0.4179102772385856,3.090335688229562,43.47151136767295,124.15315971593527,1444,,,,,,,
1783414221.4620829,train_00_brake_unit_0,brake_unit,train_00,774,,,,,1930,18.243626380471273,179.80028785140476,6.019569418140619,774.0,,,
1783414221.4620829,train_00_traction_motor_0,traction_motor,train_00,2499,0.3263470959753618,,,,2232,,,,,69.3888246912732,180.25057805029732,1487.8774923642072
1783414221.4620829,train_01_bogie_bearing_0,bogie_bearing,train_01,1233,0.3470090610648341,3.125757454222402,44.66818019692064,118.43109594831887,1566,,,,,,,
1783414221.4620829,train_01_brake_unit_0,brake_unit,train_01,155,,,,,1507,17.89921350138597,179.970116505885,6.074536268463707,155.0,,,
1783414221.4620829,train_01_traction_motor_0,traction_motor,train_01,3050,0.36230758793108375,,,,2054,,,,,73.69513454149138,179.3325192936932,1494.3715524628556
1783414221.4620829,train_02_bogie_bearing_0,bogie_bearing,train_02,2379,0.3768059620400711,3.038553053482373,46.69098836879476,125.86481127850273,2695,,,,,,,
1783414221.4620829,train_02_brake_unit_0,brake_unit,train_02,1406,,,,,1443,18.18879897975784,181.91451452286069,5.940617196285642,1406.0,,,
1783414221.4620829,train_02_traction_motor_0,traction_motor,train_02,450,0.32297384253491873,,,,4601,,,,,70.01068331498048,183.62535968413692,1477.370951711933
1783414221.4620829,train_00_bogie_bearing_0,bogie_bearing,train_00,1368,0.4065535987486726,3.003292230403813,45.974959372340614,119.64837405052315,1443,,,,,,,
1783414221.4627812,train_00_brake_unit_0,brake_unit,train_00,775,,,,,1929,17.888532410968807,187.47572786441117,5.990692073458612,775.0,,,
1783414221.4627812,train_00_traction_motor_0,traction_motor,train_00,2500,0.3520991732669731,,,,2231,,,,,69.96573989236038,188.0193950644064,1472.8029533857211
1783414221.4627812,train_01_bogie_bearing_0,bogie_bearing,train_01,1234,0.38370561882152254,3.1721666377402227,44.4451135484288,119.91717454357506,1565,,,,,,,
1783414221.4627812,train_01_brake_unit_0,brake_unit,train_01,156,,,,,1506,18.041305502075613,175.25542710106367,5.985712901462567,156.0,,,
1783414221.4627812,train_01_traction_motor_0,traction_motor,train_01,3051,0.3621031915450214,,,,2053,,,,,69.69829600005582,180.34157644716691,1470.6450639481336
1783414221.4627812,train_02_bogie_bearing_0,bogie_bearing,train_02,2380,0.39027926906934257,3.0141927319429924,45.06704617020475,119.92039331637366,2694,,,,,,,
1783414221.4627812,train_02_brake_unit_0,brake_unit,train_02,1407,,,,,1442,18.299334059704687,188.6474506851938,5.982417036106829,1407.0,,,
1783414221.4627812,train_02_traction_motor_0,traction_motor,train_02,451,0.3074805348037684,,,,4600,,,,,69.64329134712301,184.70044382820973,1484.0739341960448
1783414221.4627812,train_00_bogie_bearing_0,bogie_bearing,train_00,1369,0.40246308498762146,3.185262334843304,45.16575358320442,123.98253922447132,1442,,,,,,,
1783414221.4627812,train_00_brake_unit_0,brake_unit,train_00,776,,,,,1928,17.809356504080718,180.94725042923116,5.862700600141201,776.0,,,
1783414221.4627812,train_00_traction_motor_0,traction_motor,train_00,2501,0.3081509491397328,,,,2230,,,,,72.6675894184742,177.00416792597937,1473.007729509289
1783414221.4627812,train_01_bogie_bearing_0,bogie_bearing,train_01,1235,0.37322678696305966,3.1835438134210143,46.227036924412985,121.9810917842744,1564,,,,,,,
1783414221.4627812,train_01_brake_unit_0,brake_unit,train_01,157,,,,,1505,18.060086505955333,175.6983535189902,6.06868703222529,157.0,,,
1783414221.4627812,train_01_traction_motor_0,traction_motor,train_01,3052,0.3999340335932095,,,,2052,,,,,72.46551613825297,182.01825168900666,1480.668782352418
1783414221.4627812,train_02_bogie_bearing_0,bogie_bearing,train_02,2381,0.33072992625026737,3.084454812780376,45.22557719548413,119.79748754777204,2693,,,,,,,
1783414221.4627812,train_02_brake_unit_0,brake_unit,train_02,1408,,,,,1441,18.184971145857276,175.7703643474341,6.008306434743169,1408.0,,,
1783414221.4627812,train_02_traction_motor_0,traction_motor,train_02,452,0.3034103152585963,,,,4599,,,,,70.17513608416758,183.12123309680828,1471.3164125188057
1783414221.4627812,train_00_bogie_bearing_0,bogie_bearing,train_00,1370,0.41929745706700045,2.888680083298617,45.568029386982154,117.65848599210783,1441,,,,,,,
1783414221.4627812,train_00_brake_unit_0,brake_unit,train_00,777,,,,,1927,17.896596088195793,179.39462552408247,6.150532170521949,777.0,,,
1783414221.4627812,train_00_traction_motor_0,traction_motor,train_00,2502,0.32037875491554446,,,,2229,,,,,68.98404436953564,186.02620842931728,1477.5672127099792
1783414221.4627812,train_01_bogie_bearing_0,bogie_bearing,train_01,1236,0.3725714510463864,2.949310726257564,45.03830569149727,129.83297442294625,1563,,,,,,,
1783414221.4627812,train_01_brake_unit_0,brake_unit,train_01,158,,,,,1504,17.87318259105189,183.24629499321392,5.933590504558763,158.0,,,
1783414221.4627812,train_01_traction_motor_0,traction_motor,train_01,3053,0.39951949982010226,,,,2051,,,,,72.74341069515745,184.52575026018428,1478.3224682668044
1783414221.4627812,train_02_bogie_bearing_0,bogie_bearing,train_02,2382,0.4030126339337065,3.0934600649641593,44.94580291138638,113.52371271952734,2692,,,,,,,
1783414221.4627812,train_02_brake_unit_0,brake_unit,train_02,1409,,,,,1440,18.35855092784755,175.4873046695452,6.070770698730292,1409.0,,,
1783414221.4627812,train_02_traction_motor_0,traction_motor,train_02,453,0.3176125829916903,,,,4598,,,,,71.12797582889662,177.91975105599323,1467.0690449713343
1783414221.4627812,train_00_bogie_bearing_0,bogie_bearing,train_00,1371,0.41139737192898246,3.008106503330892,44.69537476166416,112.71459863230145,1440,,,,,,,
1783414221.4627812,train_00_brake_unit_0,brake_unit,train_00,778,,,,,1926,18.156304471886095,184.09283559891608,6.080662773509588,778.0,,,
1783414221.4627812,train_00_traction_motor_0,traction_motor,train_00,2503,0.34321350451048493,,,,2228,,,,,70.37310104939094,179.5625575715496,1502.345802033309
1783414221.4627812,train_01_bogie_bearing_0,bogie_bearing,train_01,1237,0.3714372904419944,3.0904258192295178,44.26335696847424,126.0180268743569,1562,,,,,,,
1783414221.4627812,train_01_brake_unit_0,brake_unit,train_01,159,,,,,1503,18.076307574522126,185.3384738459313,6.030895959499275,159.0,,,
1783414221.4627812,train_01_traction_motor_0,traction_motor,train_01,3054,0.3752954284436987,,,,2050,,,,,71.2320434742615,179.6594363583346,1478.4884302995179
